Symbol,FrontMonth,BackMonth,NetDebit,MaxLoss,MaxProfit,BreakEvens,ChanceOfProfit
DDD,11/5/21 (7d),12/10/21 (42d),$597,$597,$426.53,Above $28.21 (+0.1%),--% 
DDD,11/5/21 (7d),12/17/21 (49d),$602,$602,$425.35,Above $28.19 (+0.1%),--% 
DDD,11/5/21 (7d),1/21/22 (84d),$657,$657,$408.24,Above $28.15 (-0.1%),--% 
DDD,11/5/21 (7d),2/18/22 (112d),$697,$697,$399.82,Above $28.13 (-0.1%),--% 
DDD,11/5/21 (7d),5/20/22 (203d),$792,$792,$389.01,Above $28.09 (-0.3%),--% 
DDD,11/5/21 (7d),1/20/23 (1.2y),"$1,077","$1,077",$389.83,Above $28.06 (-0.4%),--% 
DDD,11/5/21 (7d),1/19/24 (2.2y),"$1,287","$1,287",$387,Between $28.04 - $69.25,--% 
DDD,11/5/21 (7d),1/19/24 (2.2y),"$1,287","$1,287",$387,Between $28.04 - $69.25,--% 
DDD,11/12/21 (14d),12/10/21 (42d),$527,$527,$487.24,Above $27.60 (-2%),--% 
DDD,11/12/21 (14d),12/17/21 (49d),$532,$532,$486.55,Above $27.54 (-2.2%),--% 
DDD,11/12/21 (14d),1/21/22 (84d),$587,$587,$469.02,Above $27.41 (-2.7%),--% 
DDD,11/12/21 (14d),2/18/22 (112d),$627,$627,$460.90,Above $27.35 (-2.9%),--% 
DDD,11/12/21 (14d),5/20/22 (203d),$722,$722,$451.74,Above $27.25 (-3.3%),--% 
DDD,11/12/21 (14d),1/20/23 (1.2y),"$1,007","$1,007",$454.57,Above $27.20 (-3.4%),--% 
DDD,11/12/21 (14d),1/19/24 (2.2y),"$1,217","$1,217",$452.86,Between $27.17 - $83.17,--% 
DDD,11/12/21 (14d),1/19/24 (2.2y),"$1,217","$1,217",$452.86,Between $27.17 - $83.17,--% 
DDD,11/19/21 (21d),12/10/21 (42d),$510,$510,$496.70,Above $27.64 (-1.9%),--% 
DDD,11/19/21 (21d),12/17/21 (49d),$515,$515,$495.88,Above $27.55 (-2.2%),--% 
DDD,11/19/21 (21d),1/21/22 (84d),$570,$570,$476.97,Above $27.37 (-2.8%),--% 
DDD,11/19/21 (21d),2/18/22 (112d),$610,$610,$469.02,Above $27.28 (-3.2%),--% 
DDD,11/19/21 (21d),5/20/22 (203d),$705,$705,$461.45,Above $27.13 (-3.7%),--% 
DDD,11/19/21 (21d),1/20/23 (1.2y),$990,$990,$466.31,Above $27.04 (-4%),--% 
DDD,11/19/21 (21d),1/19/24 (2.2y),"$1,200","$1,200",$465.72,Between $27 - $86.83,--% 
DDD,11/19/21 (21d),1/19/24 (2.2y),"$1,200","$1,200",$465.72,Between $27 - $86.83,--% 
DDD,11/26/21 (28d),12/10/21 (42d),$497,$497,$504.76,Above $27.73 (-1.6%),--% 
DDD,11/26/21 (28d),12/17/21 (49d),$502,$502,$502.85,Above $27.62 (-1.9%),--% 
DDD,11/26/21 (28d),1/21/22 (84d),$557,$557,$481.12,Above $27.39 (-2.8%),--% 
DDD,11/26/21 (28d),2/18/22 (112d),$597,$597,$473.13,Above $27.27 (-3.2%),--% 
DDD,11/26/21 (28d),5/20/22 (203d),$692,$692,$467.08,Above $27.06 (-3.9%),--% 
DDD,11/26/21 (28d),1/20/23 (1.2y),$977,$977,$474.02,Above $26.94 (-4.4%),--% 
DDD,11/26/21 (28d),1/19/24 (2.2y),"$1,187","$1,187",$474.56,Between $26.88 - $89.69,--% 
DDD,11/26/21 (28d),1/19/24 (2.2y),"$1,187","$1,187",$474.56,Between $26.88 - $89.69,--% 
DDD,12/3/21 (35d),12/10/21 (42d),$487,$487,$513.06,Above $27.82 (-1.3%),--% 
DDD,12/3/21 (35d),12/17/21 (49d),$492,$492,$509.14,Above $27.72 (-1.6%),--% 
DDD,12/3/21 (35d),1/21/22 (84d),$547,$547,$482.61,Above $27.45 (-2.6%),--% 
DDD,12/3/21 (35d),2/18/22 (112d),$587,$587,$473.66,Above $27.31 (-3.1%),--% 
DDD,12/3/21 (35d),5/20/22 (203d),$682,$682,$469.65,Above $27.04 (-4%),--% 
DDD,12/3/21 (35d),1/20/23 (1.2y),$967,$967,$478.68,Above $26.88 (-4.6%),--% 
DDD,12/3/21 (35d),1/19/24 (2.2y),"$1,177","$1,177",$480.38,Between $26.80 - $91.84,--% 
DDD,12/3/21 (35d),1/19/24 (2.2y),"$1,177","$1,177",$480.38,Between $26.80 - $91.84,--% 
DDD,12/10/21 (42d),1/19/24 (2.2y),"$1,132","$1,132",$442.84,Between $26.24 - $76.52,--% 
DDD,12/10/21 (42d),12/17/21 (49d),$447,$447,$453.08,Above $27.41 (-2.7%),--% 
DDD,12/10/21 (42d),1/21/22 (84d),$502,$502,$426.10,Above $27.08 (-3.9%),--% 
DDD,12/10/21 (42d),2/18/22 (112d),$542,$542,$421.11,Above $26.88 (-4.6%),--% 
DDD,12/10/21 (42d),5/20/22 (203d),$637,$637,$423.11,Above $26.54 (-5.8%),--% 
DDD,12/10/21 (42d),1/20/23 (1.2y),$922,$922,$435.86,Above $26.34 (-6.5%),--% 
DDD,12/10/21 (42d),1/19/24 (2.2y),"$1,132","$1,132",$442.84,Between $26.24 - $76.52,--% 
DDD,12/10/21 (42d),1/19/24 (2.2y),"$1,132","$1,132",$442.84,Between $26.24 - $76.52,--% 
DDD,12/17/21 (49d),1/19/24 (2.2y),"$1,142","$1,142",$506.95,Between $26.43 - $102.50,--% 
DDD,12/17/21 (49d),1/19/24 (2.2y),"$1,142","$1,142",$506.95,Between $26.43 - $102.50,--% 
DDD,12/17/21 (49d),1/21/22 (84d),$512,$512,$502.28,Above $27.41 (-2.7%),--% 
DDD,12/17/21 (49d),2/18/22 (112d),$552,$552,$491.35,Above $27.20 (-3.4%),--% 
DDD,12/17/21 (49d),5/20/22 (203d),$647,$647,$489.59,Above $26.80 (-4.9%),--% 
DDD,12/17/21 (49d),1/20/23 (1.2y),$932,$932,$502.91,Above $26.55 (-5.7%),--% 
DDD,12/17/21 (49d),1/19/24 (2.2y),"$1,142","$1,142",$506.95,Between $26.43 - $102.50,--% 
DDD,12/17/21 (49d),1/19/24 (2.2y),"$1,142","$1,142",$506.95,Between $26.43 - $102.50,--% 
DDD,1/21/22 (84d),1/19/24 (2.2y),"$1,077","$1,077",$550.48,Above $25.82 (-8.3%),--% 
DDD,1/21/22 (84d),1/19/24 (2.2y),"$1,077","$1,077",$550.48,Above $25.82 (-8.3%),--% 
DDD,1/21/22 (84d),1/19/24 (2.2y),"$1,077","$1,077",$550.48,Above $25.82 (-8.3%),--% 
DDD,1/21/22 (84d),2/18/22 (112d),$487,$487,$520.06,Above $27.35 (-2.9%),--% 
DDD,1/21/22 (84d),5/20/22 (203d),$582,$582,$515.91,Above $26.56 (-5.7%),--% 
DDD,1/21/22 (84d),1/20/23 (1.2y),$867,$867,$540.27,Above $26.05 (-7.5%),--% 
DDD,1/21/22 (84d),1/19/24 (2.2y),"$1,077","$1,077",$550.48,Above $25.82 (-8.3%),--% 
DDD,1/21/22 (84d),1/19/24 (2.2y),"$1,077","$1,077",$550.48,Above $25.82 (-8.3%),--% 
DDD,2/18/22 (112d),1/19/24 (2.2y),"$1,035","$1,035",$574.90,Above $25.47 (-9.6%),--% 
DDD,2/18/22 (112d),1/19/24 (2.2y),"$1,035","$1,035",$574.90,Above $25.47 (-9.6%),--% 
DDD,2/18/22 (112d),1/19/24 (2.2y),"$1,035","$1,035",$574.90,Above $25.47 (-9.6%),--% 
DDD,2/18/22 (112d),1/19/24 (2.2y),"$1,035","$1,035",$574.90,Above $25.47 (-9.6%),--% 
DDD,2/18/22 (112d),5/20/22 (203d),$540,$540,$526.34,Above $26.58 (-5.6%),--% 
DDD,2/18/22 (112d),1/20/23 (1.2y),$825,$825,$559.42,Above $25.79 (-8.5%),--% 
DDD,2/18/22 (112d),1/19/24 (2.2y),"$1,035","$1,035",$574.90,Above $25.47 (-9.6%),--% 
DDD,2/18/22 (112d),1/19/24 (2.2y),"$1,035","$1,035",$574.90,Above $25.47 (-9.6%),--% 
DDD,5/20/22 (203d),1/19/24 (2.2y),$890,$890,$659.97,Above $24.21 (-14%),--% 
DDD,5/20/22 (203d),1/19/24 (2.2y),$890,$890,$659.97,Above $24.21 (-14%),--% 
DDD,5/20/22 (203d),1/19/24 (2.2y),$890,$890,$659.97,Above $24.21 (-14%),--% 
DDD,5/20/22 (203d),1/19/24 (2.2y),$890,$890,$659.97,Above $24.21 (-14%),--% 
DDD,5/20/22 (203d),1/19/24 (2.2y),$890,$890,$659.97,Above $24.21 (-14%),--% 
DDD,5/20/22 (203d),1/20/23 (1.2y),$680,$680,$625.11,Above $24.93 (-12%),--% 
DDD,5/20/22 (203d),1/19/24 (2.2y),$890,$890,$659.97,Above $24.21 (-14%),--% 
DDD,5/20/22 (203d),1/19/24 (2.2y),$890,$890,$659.97,Above $24.21 (-14%),--% 
DDD,1/20/23 (1.2y),1/19/24 (2.2y),$600,$600,$683.05,Above $22.49 (-20%),--% 
DDD,1/20/23 (1.2y),1/19/24 (2.2y),$600,$600,$683.05,Above $22.49 (-20%),--% 
DDD,1/20/23 (1.2y),1/19/24 (2.2y),$600,$600,$683.05,Above $22.49 (-20%),--% 
DDD,1/20/23 (1.2y),1/19/24 (2.2y),$600,$600,$683.05,Above $22.49 (-20%),--% 
DDD,1/20/23 (1.2y),1/19/24 (2.2y),$600,$600,$683.05,Above $22.49 (-20%),--% 
DDD,1/20/23 (1.2y),1/19/24 (2.2y),$600,$600,$683.05,Above $22.49 (-20%),--% 
DDD,1/20/23 (1.2y),1/19/24 (2.2y),$600,$600,$683.05,Above $22.49 (-20%),--% 
DDD,1/20/23 (1.2y),1/19/24 (2.2y),$600,$600,$683.05,Above $22.49 (-20%),--% 
DDD,1/20/23 (1.2y),1/19/24 (2.2y),$600,$600,$683.05,Above $22.49 (-20%),--% 
DDD,1/20/23 (1.2y),1/19/24 (2.2y),$600,$600,$683.05,Above $22.49 (-20%),--% 
DDD,1/20/23 (1.2y),1/19/24 (2.2y),$600,$600,$683.05,Above $22.49 (-20%),--% 
DDD,1/20/23 (1.2y),1/19/24 (2.2y),$600,$600,$683.05,Above $22.49 (-20%),--% 
DDD,1/20/23 (1.2y),1/19/24 (2.2y),$600,$600,$683.05,Above $22.49 (-20%),--% 
DDD,1/20/23 (1.2y),1/19/24 (2.2y),$600,$600,$683.05,Above $22.49 (-20%),--% 
DDD,1/20/23 (1.2y),1/19/24 (2.2y),$600,$600,$683.05,Above $22.49 (-20%),--% 
DDD,1/20/23 (1.2y),1/19/24 (2.2y),$600,$600,$683.05,Above $22.49 (-20%),--% 
DDD,1/20/23 (1.2y),1/19/24 (2.2y),$600,$600,$683.05,Above $22.49 (-20%),--% 
DDD,1/20/23 (1.2y),1/19/24 (2.2y),$600,$600,$683.05,Above $22.49 (-20%),--% 
DDD,1/20/23 (1.2y),1/19/24 (2.2y),$600,$600,$683.05,Above $22.49 (-20%),--% 
DDD,1/20/23 (1.2y),1/19/24 (2.2y),$600,$600,$683.05,Above $22.49 (-20%),--% 
DDD,1/20/23 (1.2y),1/19/24 (2.2y),$600,$600,$683.05,Above $22.49 (-20%),--% 
DDD,1/20/23 (1.2y),1/19/24 (2.2y),$600,$600,$683.05,Above $22.49 (-20%),--% 
DDD,1/20/23 (1.2y),1/19/24 (2.2y),$600,$600,$683.05,Above $22.49 (-20%),--% 
DDD,1/20/23 (1.2y),1/19/24 (2.2y),$600,$600,$683.05,Above $22.49 (-20%),--% 
DDD,1/20/23 (1.2y),1/19/24 (2.2y),$600,$600,$683.05,Above $22.49 (-20%),--% 
DDD,1/20/23 (1.2y),1/19/24 (2.2y),$600,$600,$683.05,Above $22.49 (-20%),--% 
DDD,1/20/23 (1.2y),1/19/24 (2.2y),$600,$600,$683.05,Above $22.49 (-20%),--% 
DDD,1/20/23 (1.2y),1/19/24 (2.2y),$600,$600,$683.05,Above $22.49 (-20%),--% 
DDD,1/20/23 (1.2y),1/19/24 (2.2y),$600,$600,$683.05,Above $22.49 (-20%),--% 
DDD,1/20/23 (1.2y),1/19/24 (2.2y),$600,$600,$683.05,Above $22.49 (-20%),--% 
DDD,1/20/23 (1.2y),1/19/24 (2.2y),$600,$600,$683.05,Above $22.49 (-20%),--% 
DDD,1/20/23 (1.2y),1/19/24 (2.2y),$600,$600,$683.05,Above $22.49 (-20%),--% 
DDD,1/20/23 (1.2y),1/19/24 (2.2y),$600,$600,$683.05,Above $22.49 (-20%),--% 
DDD,1/20/23 (1.2y),1/19/24 (2.2y),$600,$600,$683.05,Above $22.49 (-20%),--% 
DDD,1/20/23 (1.2y),1/19/24 (2.2y),$600,$600,$683.05,Above $22.49 (-20%),--% 
DDD,1/20/23 (1.2y),1/19/24 (2.2y),$600,$600,$683.05,Above $22.49 (-20%),--% 
DDD,1/20/23 (1.2y),1/19/24 (2.2y),$600,$600,$683.05,Above $22.49 (-20%),--% 
DDD,1/20/23 (1.2y),1/19/24 (2.2y),$600,$600,$683.05,Above $22.49 (-20%),--% 
DDD,1/20/23 (1.2y),1/19/24 (2.2y),$600,$600,$683.05,Above $22.49 (-20%),--% 
DDD,1/20/23 (1.2y),1/19/24 (2.2y),$600,$600,$683.05,Above $22.49 (-20%),--% 
DDD,1/20/23 (1.2y),1/19/24 (2.2y),$600,$600,$683.05,Above $22.49 (-20%),--% 
DDD,1/20/23 (1.2y),1/19/24 (2.2y),$600,$600,$683.05,Above $22.49 (-20%),--% 
DDD,1/20/23 (1.2y),1/19/24 (2.2y),$600,$600,$683.05,Above $22.49 (-20%),--% 
DDD,1/20/23 (1.2y),1/19/24 (2.2y),$600,$600,$683.05,Above $22.49 (-20%),--% 
DDD,1/20/23 (1.2y),1/19/24 (2.2y),$600,$600,$683.05,Above $22.49 (-20%),--% 
DDD,1/20/23 (1.2y),1/19/24 (2.2y),$600,$600,$683.05,Above $22.49 (-20%),--% 
DDD,1/20/23 (1.2y),1/19/24 (2.2y),$600,$600,$683.05,Above $22.49 (-20%),--% 
DDD,1/20/23 (1.2y),1/19/24 (2.2y),$600,$600,$683.05,Above $22.49 (-20%),--% 
DDD,1/20/23 (1.2y),1/19/24 (2.2y),$600,$600,$683.05,Above $22.49 (-20%),--% 
DDD,1/20/23 (1.2y),1/19/24 (2.2y),$600,$600,$683.05,Above $22.49 (-20%),--% 
DDD,1/20/23 (1.2y),1/19/24 (2.2y),$600,$600,$683.05,Above $22.49 (-20%),--% 
DDD,1/20/23 (1.2y),1/19/24 (2.2y),$600,$600,$683.05,Above $22.49 (-20%),--% 
DDD,1/20/23 (1.2y),1/19/24 (2.2y),$600,$600,$683.05,Above $22.49 (-20%),--% 
DDD,1/20/23 (1.2y),1/19/24 (2.2y),$600,$600,$683.05,Above $22.49 (-20%),--% 
DDD,1/20/23 (1.2y),1/19/24 (2.2y),$600,$600,$683.05,Above $22.49 (-20%),--% 
DDD,1/20/23 (1.2y),1/19/24 (2.2y),$600,$600,$683.05,Above $22.49 (-20%),--% 
DDD,1/20/23 (1.2y),1/19/24 (2.2y),$600,$600,$683.05,Above $22.49 (-20%),--% 
DDD,1/20/23 (1.2y),1/19/24 (2.2y),$600,$600,$683.05,Above $22.49 (-20%),--% 
DDD,1/20/23 (1.2y),1/19/24 (2.2y),$600,$600,$683.05,Above $22.49 (-20%),--% 
DDD,1/20/23 (1.2y),1/19/24 (2.2y),$600,$600,$683.05,Above $22.49 (-20%),--% 
DDD,1/20/23 (1.2y),1/19/24 (2.2y),$600,$600,$683.05,Above $22.49 (-20%),--% 
DDD,1/20/23 (1.2y),1/19/24 (2.2y),$600,$600,$683.05,Above $22.49 (-20%),--% 
DDD,1/20/23 (1.2y),1/19/24 (2.2y),$600,$600,$683.05,Above $22.49 (-20%),--% 
DDD,1/20/23 (1.2y),1/19/24 (2.2y),$600,$600,$683.05,Above $22.49 (-20%),--% 
MMM,11/5/21 (7d),12/3/21 (35d),"$2,358","$2,358","$2,642",Above $178.58 (-0.1%),--% 
MMM,11/5/21 (7d),12/10/21 (42d),"$2,378","$2,378","$2,622.01",Above $178.69 (+0%),--% 
MMM,11/5/21 (7d),12/17/21 (49d),"$2,378","$2,378","$2,622.01",Above $178.68 (+0%),--% 
MMM,11/5/21 (7d),1/21/22 (84d),"$2,428","$2,428","$2,573.18",Above $178.73 (+0%),--% 
MMM,11/5/21 (7d),4/14/22 (167d),"$2,533","$2,533","$2,481.69",Above $178.74 (+0%),--% 
MMM,11/5/21 (7d),6/17/22 (231d),"$2,563","$2,563","$2,459.25",Above $178.71 (+0%),--% 
MMM,11/5/21 (7d),7/15/22 (259d),"$2,645","$2,645","$2,400.65",Above $178.73 (+0%),--% 
MMM,11/5/21 (7d),1/20/23 (1.2y),"$2,778","$2,778","$2,323.81",Above $178.71 (+0%),--% 
MMM,11/5/21 (7d),1/19/24 (2.2y),"$3,273","$3,273","$2,132.03",Above $178.70 (+0%),--% 
MMM,11/5/21 (7d),1/19/24 (2.2y),"$3,273","$3,273","$2,132.03",Above $178.70 (+0%),--% 
MMM,11/12/21 (14d),12/3/21 (35d),"$2,343","$2,343","$2,657",Above $178.43 (-0.1%),--% 
MMM,11/12/21 (14d),12/10/21 (42d),"$2,363","$2,363","$2,637",Above $178.59 (-0.1%),--% 
MMM,11/12/21 (14d),12/17/21 (49d),"$2,363","$2,363","$2,637",Above $178.58 (-0.1%),--% 
MMM,11/12/21 (14d),1/21/22 (84d),"$2,413","$2,413","$2,587.70",Above $178.68 (+0%),--% 
MMM,11/12/21 (14d),4/14/22 (167d),"$2,518","$2,518","$2,494.56",Above $178.69 (+0%),--% 
MMM,11/12/21 (14d),6/17/22 (231d),"$2,548","$2,548","$2,472.11",Above $178.64 (-0%),--% 
MMM,11/12/21 (14d),7/15/22 (259d),"$2,630","$2,630","$2,412.29",Above $178.67 (-0%),--% 
MMM,11/12/21 (14d),1/20/23 (1.2y),"$2,763","$2,763","$2,335.28",Above $178.61 (-0%),--% 
MMM,11/12/21 (14d),1/19/24 (2.2y),"$3,258","$3,258","$2,141.85",Above $178.60 (-0%),--% 
MMM,11/12/21 (14d),1/19/24 (2.2y),"$3,258","$3,258","$2,141.85",Above $178.60 (-0%),--% 
MMM,11/19/21 (21d),12/3/21 (35d),"$2,349","$2,349","$2,651",Above $178.49 (-0.1%),--% 
MMM,11/19/21 (21d),12/10/21 (42d),"$2,369","$2,369","$2,631",Above $178.68 (-0%),--% 
MMM,11/19/21 (21d),12/17/21 (49d),"$2,369","$2,369","$2,631",Above $178.67 (-0%),--% 
MMM,11/19/21 (21d),1/21/22 (84d),"$2,419","$2,419","$2,581.37",Above $178.85 (+0.1%),--% 
MMM,11/19/21 (21d),4/14/22 (167d),"$2,524","$2,524","$2,486.61",Above $178.88 (+0.1%),--% 
MMM,11/19/21 (21d),6/17/22 (231d),"$2,554","$2,554","$2,464.07",Above $178.81 (+0.1%),--% 
MMM,11/19/21 (21d),7/15/22 (259d),"$2,636","$2,636","$2,403.05",Above $178.86 (+0.1%),--% 
MMM,11/19/21 (21d),1/20/23 (1.2y),"$2,769","$2,769","$2,325.81",Above $178.78 (+0.1%),--% 
MMM,11/19/21 (21d),1/19/24 (2.2y),"$3,264","$3,264","$2,130.71",Above $178.77 (+0.1%),--% 
MMM,11/19/21 (21d),1/19/24 (2.2y),"$3,264","$3,264","$2,130.71",Above $178.77 (+0.1%),--% 
MMM,11/26/21 (28d),12/3/21 (35d),"$2,255","$2,255","$2,745",Above $177.55 (-0.6%),--% 
MMM,11/26/21 (28d),12/10/21 (42d),"$2,275","$2,275","$2,725",Above $177.75 (-0.5%),--% 
MMM,11/26/21 (28d),12/17/21 (49d),"$2,275","$2,275","$2,725",Above $177.74 (-0.5%),--% 
MMM,11/26/21 (28d),1/21/22 (84d),"$2,325","$2,325","$2,675.17",Above $177.95 (-0.4%),--% 
MMM,11/26/21 (28d),4/14/22 (167d),"$2,430","$2,430","$2,578.83",Above $177.94 (-0.4%),--% 
MMM,11/26/21 (28d),6/17/22 (231d),"$2,460","$2,460","$2,556.15",Above $177.83 (-0.5%),--% 
MMM,11/26/21 (28d),7/15/22 (259d),"$2,542","$2,542","$2,493.92",Above $177.86 (-0.5%),--% 
MMM,11/26/21 (28d),1/20/23 (1.2y),"$2,675","$2,675","$2,416.38",Above $177.70 (-0.5%),--% 
MMM,11/26/21 (28d),1/19/24 (2.2y),"$3,170","$3,170","$2,219.56",Above $177.60 (-0.6%),--% 
MMM,11/26/21 (28d),1/19/24 (2.2y),"$3,170","$3,170","$2,219.56",Above $177.60 (-0.6%),--% 
MMM,12/3/21 (35d),1/19/24 (2.2y),"$3,170","$3,170","$2,214.42",Above $177.70 (-0.6%),--% 
MMM,12/3/21 (35d),12/10/21 (42d),"$2,275","$2,275","$2,725",Above $177.75 (-0.5%),--% 
MMM,12/3/21 (35d),12/17/21 (49d),"$2,275","$2,275","$2,725",Above $177.75 (-0.5%),--% 
MMM,12/3/21 (35d),1/21/22 (84d),"$2,325","$2,325","$2,675.07",Above $178.04 (-0.4%),--% 
MMM,12/3/21 (35d),4/14/22 (167d),"$2,430","$2,430","$2,577.24",Above $178.06 (-0.3%),--% 
MMM,12/3/21 (35d),6/17/22 (231d),"$2,460","$2,460","$2,554.33",Above $177.93 (-0.4%),--% 
MMM,12/3/21 (35d),7/15/22 (259d),"$2,542","$2,542","$2,490.90",Above $177.98 (-0.4%),--% 
MMM,12/3/21 (35d),1/20/23 (1.2y),"$2,675","$2,675","$2,412.98",Above $177.80 (-0.5%),--% 
MMM,12/3/21 (35d),1/19/24 (2.2y),"$3,170","$3,170","$2,214.42",Above $177.70 (-0.6%),--% 
MMM,12/3/21 (35d),1/19/24 (2.2y),"$3,170","$3,170","$2,214.42",Above $177.70 (-0.6%),--% 
MMM,12/10/21 (42d),1/19/24 (2.2y),"$3,167","$3,167","$2,212.28",Above $177.75 (-0.5%),--% 
MMM,12/10/21 (42d),1/19/24 (2.2y),"$3,167","$3,167","$2,212.28",Above $177.75 (-0.5%),--% 
MMM,12/10/21 (42d),12/17/21 (49d),"$2,272","$2,272","$2,728",Above $177.72 (-0.5%),--% 
MMM,12/10/21 (42d),1/21/22 (84d),"$2,322","$2,322","$2,678.02",Above $178.09 (-0.3%),--% 
MMM,12/10/21 (42d),4/14/22 (167d),"$2,427","$2,427","$2,578.81",Above $178.15 (-0.3%),--% 
MMM,12/10/21 (42d),6/17/22 (231d),"$2,457","$2,457","$2,555.62",Above $178 (-0.4%),--% 
MMM,12/10/21 (42d),7/15/22 (259d),"$2,539","$2,539","$2,490.99",Above $178.07 (-0.3%),--% 
MMM,12/10/21 (42d),1/20/23 (1.2y),"$2,672","$2,672","$2,412.62",Above $177.86 (-0.5%),--% 
MMM,12/10/21 (42d),1/19/24 (2.2y),"$3,167","$3,167","$2,212.28",Above $177.75 (-0.5%),--% 
MMM,12/10/21 (42d),1/19/24 (2.2y),"$3,167","$3,167","$2,212.28",Above $177.75 (-0.5%),--% 
MMM,12/17/21 (49d),1/19/24 (2.2y),"$3,258","$3,258","$1,682.61",Above $179.07 (+0.2%),--% 
MMM,12/17/21 (49d),1/19/24 (2.2y),"$3,258","$3,258","$1,682.61",Above $179.07 (+0.2%),--% 
MMM,12/17/21 (49d),1/19/24 (2.2y),"$3,258","$3,258","$1,682.61",Above $179.07 (+0.2%),--% 
MMM,12/17/21 (49d),1/21/22 (84d),"$2,413","$2,413","$2,087.02",Above $179.07 (+0.2%),--% 
MMM,12/17/21 (49d),4/14/22 (167d),"$2,518","$2,518","$1,990.54",Above $179.27 (+0.3%),--% 
MMM,12/17/21 (49d),6/17/22 (231d),"$2,548","$2,548","$1,970.60",Above $179.14 (+0.3%),--% 
MMM,12/17/21 (49d),7/15/22 (259d),"$2,630","$2,630","$1,911.07",Above $179.26 (+0.3%),--% 
MMM,12/17/21 (49d),1/20/23 (1.2y),"$2,763","$2,763","$1,845.19",Above $179.08 (+0.2%),--% 
MMM,12/17/21 (49d),1/19/24 (2.2y),"$3,258","$3,258","$1,682.61",Above $179.07 (+0.2%),--% 
MMM,12/17/21 (49d),1/19/24 (2.2y),"$3,258","$3,258","$1,682.61",Above $179.07 (+0.2%),--% 
MMM,1/21/22 (84d),1/19/24 (2.2y),"$3,225","$3,225","$1,687.75",Above $179.11 (+0.2%),--% 
MMM,1/21/22 (84d),1/19/24 (2.2y),"$3,225","$3,225","$1,687.75",Above $179.11 (+0.2%),--% 
MMM,1/21/22 (84d),1/19/24 (2.2y),"$3,225","$3,225","$1,687.75",Above $179.11 (+0.2%),--% 
MMM,1/21/22 (84d),1/19/24 (2.2y),"$3,225","$3,225","$1,687.75",Above $179.11 (+0.2%),--% 
MMM,1/21/22 (84d),4/14/22 (167d),"$2,485","$2,485","$2,016.90",Above $179.41 (+0.4%),--% 
MMM,1/21/22 (84d),6/17/22 (231d),"$2,515","$2,515","$1,993.92",Above $179.23 (+0.3%),--% 
MMM,1/21/22 (84d),7/15/22 (259d),"$2,597","$2,597","$1,927.47",Above $179.44 (+0.4%),--% 
MMM,1/21/22 (84d),1/20/23 (1.2y),"$2,730","$2,730","$1,858.85",Above $179.14 (+0.3%),--% 
MMM,1/21/22 (84d),1/19/24 (2.2y),"$3,225","$3,225","$1,687.75",Above $179.11 (+0.2%),--% 
MMM,1/21/22 (84d),1/19/24 (2.2y),"$3,225","$3,225","$1,687.75",Above $179.11 (+0.2%),--% 
MMM,4/14/22 (167d),1/19/24 (2.2y),"$3,032","$3,032","$1,814.57",Above $177.72 (-0.5%),--% 
MMM,4/14/22 (167d),1/19/24 (2.2y),"$3,032","$3,032","$1,814.57",Above $177.72 (-0.5%),--% 
MMM,4/14/22 (167d),1/19/24 (2.2y),"$3,032","$3,032","$1,814.57",Above $177.72 (-0.5%),--% 
MMM,4/14/22 (167d),1/19/24 (2.2y),"$3,032","$3,032","$1,814.57",Above $177.72 (-0.5%),--% 
MMM,4/14/22 (167d),1/19/24 (2.2y),"$3,032","$3,032","$1,814.57",Above $177.72 (-0.5%),--% 
MMM,4/14/22 (167d),6/17/22 (231d),"$2,322","$2,322","$2,178.12",Above $178.06 (-0.3%),--% 
MMM,4/14/22 (167d),7/15/22 (259d),"$2,404","$2,404","$2,098.12",Above $178.53 (-0.1%),--% 
MMM,4/14/22 (167d),1/20/23 (1.2y),"$2,537","$2,537","$2,010.98",Above $177.94 (-0.4%),--% 
MMM,4/14/22 (167d),1/19/24 (2.2y),"$3,032","$3,032","$1,814.57",Above $177.72 (-0.5%),--% 
MMM,4/14/22 (167d),1/19/24 (2.2y),"$3,032","$3,032","$1,814.57",Above $177.72 (-0.5%),--% 
MMM,6/17/22 (231d),1/19/24 (2.2y),"$2,989","$2,989","$1,806.61",Above $178.10 (-0.3%),--% 
MMM,6/17/22 (231d),1/19/24 (2.2y),"$2,989","$2,989","$1,806.61",Above $178.10 (-0.3%),--% 
MMM,6/17/22 (231d),1/19/24 (2.2y),"$2,989","$2,989","$1,806.61",Above $178.10 (-0.3%),--% 
MMM,6/17/22 (231d),1/19/24 (2.2y),"$2,989","$2,989","$1,806.61",Above $178.10 (-0.3%),--% 
MMM,6/17/22 (231d),1/19/24 (2.2y),"$2,989","$2,989","$1,806.61",Above $178.10 (-0.3%),--% 
MMM,6/17/22 (231d),1/19/24 (2.2y),"$2,989","$2,989","$1,806.61",Above $178.10 (-0.3%),--% 
MMM,6/17/22 (231d),7/15/22 (259d),"$2,361","$2,361","$2,139",Above $178.60 (-0%),--% 
MMM,6/17/22 (231d),1/20/23 (1.2y),"$2,494","$2,494","$2,029.26",Above $178.31 (-0.2%),--% 
MMM,6/17/22 (231d),1/19/24 (2.2y),"$2,989","$2,989","$1,806.61",Above $178.10 (-0.3%),--% 
MMM,6/17/22 (231d),1/19/24 (2.2y),"$2,989","$2,989","$1,806.61",Above $178.10 (-0.3%),--% 
MMM,7/15/22 (259d),1/19/24 (2.2y),"$2,898","$2,898","$1,875.43",Above $177.32 (-0.8%),--% 
MMM,7/15/22 (259d),1/19/24 (2.2y),"$2,898","$2,898","$1,875.43",Above $177.32 (-0.8%),--% 
MMM,7/15/22 (259d),1/19/24 (2.2y),"$2,898","$2,898","$1,875.43",Above $177.32 (-0.8%),--% 
MMM,7/15/22 (259d),1/19/24 (2.2y),"$2,898","$2,898","$1,875.43",Above $177.32 (-0.8%),--% 
MMM,7/15/22 (259d),1/19/24 (2.2y),"$2,898","$2,898","$1,875.43",Above $177.32 (-0.8%),--% 
MMM,7/15/22 (259d),1/19/24 (2.2y),"$2,898","$2,898","$1,875.43",Above $177.32 (-0.8%),--% 
MMM,7/15/22 (259d),1/19/24 (2.2y),"$2,898","$2,898","$1,875.43",Above $177.32 (-0.8%),--% 
MMM,7/15/22 (259d),1/20/23 (1.2y),"$2,403","$2,403","$2,111.96",Above $177.64 (-0.6%),--% 
MMM,7/15/22 (259d),1/19/24 (2.2y),"$2,898","$2,898","$1,875.43",Above $177.32 (-0.8%),--% 
MMM,7/15/22 (259d),1/19/24 (2.2y),"$2,898","$2,898","$1,875.43",Above $177.32 (-0.8%),--% 
MMM,1/20/23 (1.2y),1/19/24 (2.2y),"$2,578","$2,578","$2,051.78",Above $176.22 (-1.4%),--% 
MMM,1/20/23 (1.2y),1/19/24 (2.2y),"$2,578","$2,578","$2,051.78",Above $176.22 (-1.4%),--% 
MMM,1/20/23 (1.2y),1/19/24 (2.2y),"$2,578","$2,578","$2,051.78",Above $176.22 (-1.4%),--% 
MMM,1/20/23 (1.2y),1/19/24 (2.2y),"$2,578","$2,578","$2,051.78",Above $176.22 (-1.4%),--% 
MMM,1/20/23 (1.2y),1/19/24 (2.2y),"$2,578","$2,578","$2,051.78",Above $176.22 (-1.4%),--% 
MMM,1/20/23 (1.2y),1/19/24 (2.2y),"$2,578","$2,578","$2,051.78",Above $176.22 (-1.4%),--% 
MMM,1/20/23 (1.2y),1/19/24 (2.2y),"$2,578","$2,578","$2,051.78",Above $176.22 (-1.4%),--% 
MMM,1/20/23 (1.2y),1/19/24 (2.2y),"$2,578","$2,578","$2,051.78",Above $176.22 (-1.4%),--% 
MMM,1/20/23 (1.2y),1/19/24 (2.2y),"$2,578","$2,578","$2,051.78",Above $176.22 (-1.4%),--% 
MMM,1/20/23 (1.2y),1/19/24 (2.2y),"$2,578","$2,578","$2,051.78",Above $176.22 (-1.4%),--% 
MMM,1/20/23 (1.2y),1/19/24 (2.2y),"$2,578","$2,578","$2,051.78",Above $176.22 (-1.4%),--% 
MMM,1/20/23 (1.2y),1/19/24 (2.2y),"$2,578","$2,578","$2,051.78",Above $176.22 (-1.4%),--% 
MMM,1/20/23 (1.2y),1/19/24 (2.2y),"$2,578","$2,578","$2,051.78",Above $176.22 (-1.4%),--% 
MMM,1/20/23 (1.2y),1/19/24 (2.2y),"$2,578","$2,578","$2,051.78",Above $176.22 (-1.4%),--% 
MMM,1/20/23 (1.2y),1/19/24 (2.2y),"$2,578","$2,578","$2,051.78",Above $176.22 (-1.4%),--% 
MMM,1/20/23 (1.2y),1/19/24 (2.2y),"$2,578","$2,578","$2,051.78",Above $176.22 (-1.4%),--% 
MMM,1/20/23 (1.2y),1/19/24 (2.2y),"$2,578","$2,578","$2,051.78",Above $176.22 (-1.4%),--% 
MMM,1/20/23 (1.2y),1/19/24 (2.2y),"$2,578","$2,578","$2,051.78",Above $176.22 (-1.4%),--% 
MMM,1/20/23 (1.2y),1/19/24 (2.2y),"$2,578","$2,578","$2,051.78",Above $176.22 (-1.4%),--% 
MMM,1/20/23 (1.2y),1/19/24 (2.2y),"$2,578","$2,578","$2,051.78",Above $176.22 (-1.4%),--% 
MMM,1/20/23 (1.2y),1/19/24 (2.2y),"$2,578","$2,578","$2,051.78",Above $176.22 (-1.4%),--% 
MMM,1/20/23 (1.2y),1/19/24 (2.2y),"$2,578","$2,578","$2,051.78",Above $176.22 (-1.4%),--% 
MMM,1/20/23 (1.2y),1/19/24 (2.2y),"$2,578","$2,578","$2,051.78",Above $176.22 (-1.4%),--% 
MMM,1/20/23 (1.2y),1/19/24 (2.2y),"$2,578","$2,578","$2,051.78",Above $176.22 (-1.4%),--% 
MMM,1/20/23 (1.2y),1/19/24 (2.2y),"$2,578","$2,578","$2,051.78",Above $176.22 (-1.4%),--% 
MMM,1/20/23 (1.2y),1/19/24 (2.2y),"$2,578","$2,578","$2,051.78",Above $176.22 (-1.4%),--% 
MMM,1/20/23 (1.2y),1/19/24 (2.2y),"$2,578","$2,578","$2,051.78",Above $176.22 (-1.4%),--% 
MMM,1/20/23 (1.2y),1/19/24 (2.2y),"$2,578","$2,578","$2,051.78",Above $176.22 (-1.4%),--% 
MMM,1/20/23 (1.2y),1/19/24 (2.2y),"$2,578","$2,578","$2,051.78",Above $176.22 (-1.4%),--% 
MMM,1/20/23 (1.2y),1/19/24 (2.2y),"$2,578","$2,578","$2,051.78",Above $176.22 (-1.4%),--% 
MMM,1/20/23 (1.2y),1/19/24 (2.2y),"$2,578","$2,578","$2,051.78",Above $176.22 (-1.4%),--% 
MMM,1/20/23 (1.2y),1/19/24 (2.2y),"$2,578","$2,578","$2,051.78",Above $176.22 (-1.4%),--% 
MMM,1/20/23 (1.2y),1/19/24 (2.2y),"$2,578","$2,578","$2,051.78",Above $176.22 (-1.4%),--% 
MMM,1/20/23 (1.2y),1/19/24 (2.2y),"$2,578","$2,578","$2,051.78",Above $176.22 (-1.4%),--% 
MMM,1/20/23 (1.2y),1/19/24 (2.2y),"$2,578","$2,578","$2,051.78",Above $176.22 (-1.4%),--% 
MMM,1/20/23 (1.2y),1/19/24 (2.2y),"$2,578","$2,578","$2,051.78",Above $176.22 (-1.4%),--% 
MMM,1/20/23 (1.2y),1/19/24 (2.2y),"$2,578","$2,578","$2,051.78",Above $176.22 (-1.4%),--% 
MMM,1/20/23 (1.2y),1/19/24 (2.2y),"$2,578","$2,578","$2,051.78",Above $176.22 (-1.4%),--% 
MMM,1/20/23 (1.2y),1/19/24 (2.2y),"$2,578","$2,578","$2,051.78",Above $176.22 (-1.4%),--% 
MMM,1/20/23 (1.2y),1/19/24 (2.2y),"$2,578","$2,578","$2,051.78",Above $176.22 (-1.4%),--% 
MMM,1/20/23 (1.2y),1/19/24 (2.2y),"$2,578","$2,578","$2,051.78",Above $176.22 (-1.4%),--% 
MMM,1/20/23 (1.2y),1/19/24 (2.2y),"$2,578","$2,578","$2,051.78",Above $176.22 (-1.4%),--% 
MMM,1/20/23 (1.2y),1/19/24 (2.2y),"$2,578","$2,578","$2,051.78",Above $176.22 (-1.4%),--% 
MMM,1/20/23 (1.2y),1/19/24 (2.2y),"$2,578","$2,578","$2,051.78",Above $176.22 (-1.4%),--% 
MMM,1/20/23 (1.2y),1/19/24 (2.2y),"$2,578","$2,578","$2,051.78",Above $176.22 (-1.4%),--% 
MMM,1/20/23 (1.2y),1/19/24 (2.2y),"$2,578","$2,578","$2,051.78",Above $176.22 (-1.4%),--% 
MMM,1/20/23 (1.2y),1/19/24 (2.2y),"$2,578","$2,578","$2,051.78",Above $176.22 (-1.4%),--% 
MMM,1/20/23 (1.2y),1/19/24 (2.2y),"$2,578","$2,578","$2,051.78",Above $176.22 (-1.4%),--% 
MMM,1/20/23 (1.2y),1/19/24 (2.2y),"$2,578","$2,578","$2,051.78",Above $176.22 (-1.4%),--% 
MMM,1/20/23 (1.2y),1/19/24 (2.2y),"$2,578","$2,578","$2,051.78",Above $176.22 (-1.4%),--% 
MMM,1/20/23 (1.2y),1/19/24 (2.2y),"$2,578","$2,578","$2,051.78",Above $176.22 (-1.4%),--% 
MMM,1/20/23 (1.2y),1/19/24 (2.2y),"$2,578","$2,578","$2,051.78",Above $176.22 (-1.4%),--% 
MMM,1/20/23 (1.2y),1/19/24 (2.2y),"$2,578","$2,578","$2,051.78",Above $176.22 (-1.4%),--% 
MMM,1/20/23 (1.2y),1/19/24 (2.2y),"$2,578","$2,578","$2,051.78",Above $176.22 (-1.4%),--% 
MMM,1/20/23 (1.2y),1/19/24 (2.2y),"$2,578","$2,578","$2,051.78",Above $176.22 (-1.4%),--% 
MMM,1/20/23 (1.2y),1/19/24 (2.2y),"$2,578","$2,578","$2,051.78",Above $176.22 (-1.4%),--% 
MMM,1/20/23 (1.2y),1/19/24 (2.2y),"$2,578","$2,578","$2,051.78",Above $176.22 (-1.4%),--% 
MMM,1/20/23 (1.2y),1/19/24 (2.2y),"$2,578","$2,578","$2,051.78",Above $176.22 (-1.4%),--% 
MMM,1/20/23 (1.2y),1/19/24 (2.2y),"$2,578","$2,578","$2,051.78",Above $176.22 (-1.4%),--% 
MMM,1/20/23 (1.2y),1/19/24 (2.2y),"$2,578","$2,578","$2,051.78",Above $176.22 (-1.4%),--% 
MMM,1/20/23 (1.2y),1/19/24 (2.2y),"$2,578","$2,578","$2,051.78",Above $176.22 (-1.4%),--% 
MMM,1/20/23 (1.2y),1/19/24 (2.2y),"$2,578","$2,578","$2,051.78",Above $176.22 (-1.4%),--% 
MMM,1/20/23 (1.2y),1/19/24 (2.2y),"$2,578","$2,578","$2,051.78",Above $176.22 (-1.4%),--% 
MMM,1/20/23 (1.2y),1/19/24 (2.2y),"$2,578","$2,578","$2,051.78",Above $176.22 (-1.4%),--% 
MMM,1/20/23 (1.2y),1/19/24 (2.2y),"$2,578","$2,578","$2,051.78",Above $176.22 (-1.4%),--% 
MMM,1/20/23 (1.2y),1/19/24 (2.2y),"$2,578","$2,578","$2,051.78",Above $176.22 (-1.4%),--% 
MMM,1/20/23 (1.2y),1/19/24 (2.2y),"$2,578","$2,578","$2,051.78",Above $176.22 (-1.4%),--% 
MMM,1/20/23 (1.2y),1/19/24 (2.2y),"$2,578","$2,578","$2,051.78",Above $176.22 (-1.4%),--% 
MMM,1/20/23 (1.2y),1/19/24 (2.2y),"$2,578","$2,578","$2,051.78",Above $176.22 (-1.4%),--% 
MMM,1/20/23 (1.2y),1/19/24 (2.2y),"$2,578","$2,578","$2,051.78",Above $176.22 (-1.4%),--% 
EGHT,11/5/21 (7d),12/10/21 (42d),$765,$765,$535.53,Above $22.58 (-0.3%),--% 
EGHT,11/5/21 (7d),12/17/21 (49d),$995,$995,$555,Above $22.45 (-0.9%),--% 
EGHT,11/5/21 (7d),1/21/22 (84d),"$1,020","$1,020",$532.91,Above $22.57 (-0.3%),--% 
EGHT,11/5/21 (7d),2/18/22 (112d),"$1,025","$1,025",$529.88,Above $22.57 (-0.3%),--% 
EGHT,11/5/21 (7d),5/20/22 (203d),"$1,080","$1,080",$506.61,Above $22.58 (-0.3%),--% 
EGHT,11/5/21 (7d),1/20/23 (1.2y),"$1,090","$1,090",$504.67,Above $22.56 (-0.4%),--% 
EGHT,11/5/21 (7d),1/19/24 (2.2y),"$1,230","$1,230",$483.65,Above $22.55 (-0.4%),--% 
EGHT,11/5/21 (7d),1/19/24 (2.2y),"$1,230","$1,230",$483.65,Above $22.55 (-0.4%),--% 
EGHT,11/12/21 (14d),12/10/21 (42d),$757,$757,$543.16,Above $22.53 (-0.5%),--% 
EGHT,11/12/21 (14d),12/17/21 (49d),$987,$987,$563,Above $22.37 (-1.2%),--% 
EGHT,11/12/21 (14d),1/21/22 (84d),"$1,012","$1,012",$540.02,Above $22.52 (-0.6%),--% 
EGHT,11/12/21 (14d),2/18/22 (112d),"$1,017","$1,017",$536.84,Above $22.51 (-0.6%),--% 
EGHT,11/12/21 (14d),5/20/22 (203d),"$1,072","$1,072",$511.95,Above $22.53 (-0.5%),--% 
EGHT,11/12/21 (14d),1/20/23 (1.2y),"$1,082","$1,082",$511.29,Above $22.49 (-0.7%),--% 
EGHT,11/12/21 (14d),1/19/24 (2.2y),"$1,222","$1,222",$489.85,Above $22.48 (-0.7%),--% 
EGHT,11/12/21 (14d),1/19/24 (2.2y),"$1,222","$1,222",$489.85,Above $22.48 (-0.7%),--% 
EGHT,11/19/21 (21d),12/10/21 (42d),$760,$760,$540.02,Above $22.59 (-0.3%),--% 
EGHT,11/19/21 (21d),12/17/21 (49d),$990,$990,$560,Above $22.40 (-1.1%),--% 
EGHT,11/19/21 (21d),1/21/22 (84d),"$1,015","$1,015",$536.30,Above $22.57 (-0.3%),--% 
EGHT,11/19/21 (21d),2/18/22 (112d),"$1,020","$1,020",$532.94,Above $22.57 (-0.3%),--% 
EGHT,11/19/21 (21d),5/20/22 (203d),"$1,075","$1,075",$506.35,Above $22.61 (-0.2%),--% 
EGHT,11/19/21 (21d),1/20/23 (1.2y),"$1,085","$1,085",$506.93,Above $22.54 (-0.5%),--% 
EGHT,11/19/21 (21d),1/19/24 (2.2y),"$1,225","$1,225",$485.05,Above $22.54 (-0.5%),--% 
EGHT,11/19/21 (21d),1/19/24 (2.2y),"$1,225","$1,225",$485.05,Above $22.54 (-0.5%),--% 
EGHT,11/26/21 (28d),12/10/21 (42d),$745,$745,$555,Above $22.45 (-0.9%),--% 
EGHT,11/26/21 (28d),12/17/21 (49d),$975,$975,$575,Above $22.25 (-1.8%),--% 
EGHT,11/26/21 (28d),1/21/22 (84d),"$1,000","$1,000",$550.77,Above $22.44 (-0.9%),--% 
EGHT,11/26/21 (28d),2/18/22 (112d),"$1,005","$1,005",$547.17,Above $22.44 (-0.9%),--% 
EGHT,11/26/21 (28d),5/20/22 (203d),"$1,060","$1,060",$518.80,Above $22.48 (-0.7%),--% 
EGHT,11/26/21 (28d),1/20/23 (1.2y),"$1,070","$1,070",$520.59,Above $22.40 (-1.1%),--% 
EGHT,11/26/21 (28d),1/19/24 (2.2y),"$1,210","$1,210",$498.25,Above $22.39 (-1.1%),--% 
EGHT,11/26/21 (28d),1/19/24 (2.2y),"$1,210","$1,210",$498.25,Above $22.39 (-1.1%),--% 
EGHT,12/3/21 (35d),12/10/21 (42d),$750,$750,$550,Above $22.50 (-0.7%),--% 
EGHT,12/3/21 (35d),12/17/21 (49d),$980,$980,$570,Above $22.30 (-1.5%),--% 
EGHT,12/3/21 (35d),1/21/22 (84d),"$1,005","$1,005",$545.40,Above $22.51 (-0.6%),--% 
EGHT,12/3/21 (35d),2/18/22 (112d),"$1,010","$1,010",$541.52,Above $22.52 (-0.6%),--% 
EGHT,12/3/21 (35d),5/20/22 (203d),"$1,065","$1,065",$511.31,Above $22.58 (-0.3%),--% 
EGHT,12/3/21 (35d),1/20/23 (1.2y),"$1,075","$1,075",$514.25,Above $22.48 (-0.8%),--% 
EGHT,12/3/21 (35d),1/19/24 (2.2y),"$1,215","$1,215",$491.44,Above $22.47 (-0.8%),--% 
EGHT,12/3/21 (35d),1/19/24 (2.2y),"$1,215","$1,215",$491.44,Above $22.47 (-0.8%),--% 
EGHT,12/10/21 (42d),1/19/24 (2.2y),"$1,192","$1,192",$421.94,Above $22.23 (-1.9%),--% 
EGHT,12/10/21 (42d),12/17/21 (49d),$957,$957,$493,Above $22.07 (-2.6%),--% 
EGHT,12/10/21 (42d),1/21/22 (84d),$982,$982,$468.27,Above $22.30 (-1.6%),--% 
EGHT,12/10/21 (42d),2/18/22 (112d),$987,$987,$464.43,Above $22.30 (-1.5%),--% 
EGHT,12/10/21 (42d),5/20/22 (203d),"$1,042","$1,042",$435.42,Above $22.37 (-1.2%),--% 
EGHT,12/10/21 (42d),1/20/23 (1.2y),"$1,052","$1,052",$440.87,Above $22.24 (-1.8%),--% 
EGHT,12/10/21 (42d),1/19/24 (2.2y),"$1,192","$1,192",$421.94,Above $22.23 (-1.9%),--% 
EGHT,12/10/21 (42d),1/19/24 (2.2y),"$1,192","$1,192",$421.94,Above $22.23 (-1.9%),--% 
EGHT,12/17/21 (49d),1/19/24 (2.2y),"$1,220","$1,220",$667.20,Above $22.57 (-0.3%),--% 
EGHT,12/17/21 (49d),1/19/24 (2.2y),"$1,220","$1,220",$667.20,Above $22.57 (-0.3%),--% 
EGHT,12/17/21 (49d),1/21/22 (84d),"$1,010","$1,010",$740.02,Above $22.59 (-0.3%),--% 
EGHT,12/17/21 (49d),2/18/22 (112d),"$1,015","$1,015",$735.30,Above $22.60 (-0.2%),--% 
EGHT,12/17/21 (49d),5/20/22 (203d),"$1,070","$1,070",$696.01,Above $22.72 (+0.3%),--% 
EGHT,12/17/21 (49d),1/20/23 (1.2y),"$1,080","$1,080",$699,Above $22.57 (-0.3%),--% 
EGHT,12/17/21 (49d),1/19/24 (2.2y),"$1,220","$1,220",$667.20,Above $22.57 (-0.3%),--% 
EGHT,12/17/21 (49d),1/19/24 (2.2y),"$1,220","$1,220",$667.20,Above $22.57 (-0.3%),--% 
EGHT,1/21/22 (84d),1/19/24 (2.2y),"$1,200","$1,200",$678.45,Above $22.46 (-0.8%),--% 
EGHT,1/21/22 (84d),1/19/24 (2.2y),"$1,200","$1,200",$678.45,Above $22.46 (-0.8%),--% 
EGHT,1/21/22 (84d),1/19/24 (2.2y),"$1,200","$1,200",$678.45,Above $22.46 (-0.8%),--% 
EGHT,1/21/22 (84d),2/18/22 (112d),$995,$995,$755,Above $22.45 (-0.9%),--% 
EGHT,1/21/22 (84d),5/20/22 (203d),"$1,050","$1,050",$707.67,Above $22.69 (+0.2%),--% 
EGHT,1/21/22 (84d),1/20/23 (1.2y),"$1,060","$1,060",$713.45,Above $22.46 (-0.9%),--% 
EGHT,1/21/22 (84d),1/19/24 (2.2y),"$1,200","$1,200",$678.45,Above $22.46 (-0.8%),--% 
EGHT,1/21/22 (84d),1/19/24 (2.2y),"$1,200","$1,200",$678.45,Above $22.46 (-0.8%),--% 
EGHT,2/18/22 (112d),1/19/24 (2.2y),"$1,185","$1,185",$686.43,Above $22.38 (-1.2%),--% 
EGHT,2/18/22 (112d),1/19/24 (2.2y),"$1,185","$1,185",$686.43,Above $22.38 (-1.2%),--% 
EGHT,2/18/22 (112d),1/19/24 (2.2y),"$1,185","$1,185",$686.43,Above $22.38 (-1.2%),--% 
EGHT,2/18/22 (112d),1/19/24 (2.2y),"$1,185","$1,185",$686.43,Above $22.38 (-1.2%),--% 
EGHT,2/18/22 (112d),5/20/22 (203d),"$1,035","$1,035",$718.07,Above $22.68 (+0.1%),--% 
EGHT,2/18/22 (112d),1/20/23 (1.2y),"$1,045","$1,045",$724.29,Above $22.38 (-1.2%),--% 
EGHT,2/18/22 (112d),1/19/24 (2.2y),"$1,185","$1,185",$686.43,Above $22.38 (-1.2%),--% 
EGHT,2/18/22 (112d),1/19/24 (2.2y),"$1,185","$1,185",$686.43,Above $22.38 (-1.2%),--% 
EGHT,5/20/22 (203d),1/19/24 (2.2y),"$1,115","$1,115",$733.55,Above $21.89 (-3.4%),--% 
EGHT,5/20/22 (203d),1/19/24 (2.2y),"$1,115","$1,115",$733.55,Above $21.89 (-3.4%),--% 
EGHT,5/20/22 (203d),1/19/24 (2.2y),"$1,115","$1,115",$733.55,Above $21.89 (-3.4%),--% 
EGHT,5/20/22 (203d),1/19/24 (2.2y),"$1,115","$1,115",$733.55,Above $21.89 (-3.4%),--% 
EGHT,5/20/22 (203d),1/19/24 (2.2y),"$1,115","$1,115",$733.55,Above $21.89 (-3.4%),--% 
EGHT,5/20/22 (203d),1/20/23 (1.2y),$975,$975,$783.04,Above $21.88 (-3.4%),--% 
EGHT,5/20/22 (203d),1/19/24 (2.2y),"$1,115","$1,115",$733.55,Above $21.89 (-3.4%),--% 
EGHT,5/20/22 (203d),1/19/24 (2.2y),"$1,115","$1,115",$733.55,Above $21.89 (-3.4%),--% 
EGHT,1/20/23 (1.2y),1/19/24 (2.2y),$980,$980,$809.17,Above $21.27 (-6.1%),--% 
EGHT,1/20/23 (1.2y),1/19/24 (2.2y),$980,$980,$809.17,Above $21.27 (-6.1%),--% 
EGHT,1/20/23 (1.2y),1/19/24 (2.2y),$980,$980,$809.17,Above $21.27 (-6.1%),--% 
EGHT,1/20/23 (1.2y),1/19/24 (2.2y),$980,$980,$809.17,Above $21.27 (-6.1%),--% 
EGHT,1/20/23 (1.2y),1/19/24 (2.2y),$980,$980,$809.17,Above $21.27 (-6.1%),--% 
EGHT,1/20/23 (1.2y),1/19/24 (2.2y),$980,$980,$809.17,Above $21.27 (-6.1%),--% 
EGHT,1/20/23 (1.2y),1/19/24 (2.2y),$980,$980,$809.17,Above $21.27 (-6.1%),--% 
EGHT,1/20/23 (1.2y),1/19/24 (2.2y),$980,$980,$809.17,Above $21.27 (-6.1%),--% 
EGHT,1/20/23 (1.2y),1/19/24 (2.2y),$980,$980,$809.17,Above $21.27 (-6.1%),--% 
EGHT,1/20/23 (1.2y),1/19/24 (2.2y),$980,$980,$809.17,Above $21.27 (-6.1%),--% 
EGHT,1/20/23 (1.2y),1/19/24 (2.2y),$980,$980,$809.17,Above $21.27 (-6.1%),--% 
EGHT,1/20/23 (1.2y),1/19/24 (2.2y),$980,$980,$809.17,Above $21.27 (-6.1%),--% 
EGHT,1/20/23 (1.2y),1/19/24 (2.2y),$980,$980,$809.17,Above $21.27 (-6.1%),--% 
EGHT,1/20/23 (1.2y),1/19/24 (2.2y),$980,$980,$809.17,Above $21.27 (-6.1%),--% 
EGHT,1/20/23 (1.2y),1/19/24 (2.2y),$980,$980,$809.17,Above $21.27 (-6.1%),--% 
EGHT,1/20/23 (1.2y),1/19/24 (2.2y),$980,$980,$809.17,Above $21.27 (-6.1%),--% 
EGHT,1/20/23 (1.2y),1/19/24 (2.2y),$980,$980,$809.17,Above $21.27 (-6.1%),--% 
EGHT,1/20/23 (1.2y),1/19/24 (2.2y),$980,$980,$809.17,Above $21.27 (-6.1%),--% 
EGHT,1/20/23 (1.2y),1/19/24 (2.2y),$980,$980,$809.17,Above $21.27 (-6.1%),--% 
EGHT,1/20/23 (1.2y),1/19/24 (2.2y),$980,$980,$809.17,Above $21.27 (-6.1%),--% 
EGHT,1/20/23 (1.2y),1/19/24 (2.2y),$980,$980,$809.17,Above $21.27 (-6.1%),--% 
EGHT,1/20/23 (1.2y),1/19/24 (2.2y),$980,$980,$809.17,Above $21.27 (-6.1%),--% 
EGHT,1/20/23 (1.2y),1/19/24 (2.2y),$980,$980,$809.17,Above $21.27 (-6.1%),--% 
EGHT,1/20/23 (1.2y),1/19/24 (2.2y),$980,$980,$809.17,Above $21.27 (-6.1%),--% 
EGHT,1/20/23 (1.2y),1/19/24 (2.2y),$980,$980,$809.17,Above $21.27 (-6.1%),--% 
EGHT,1/20/23 (1.2y),1/19/24 (2.2y),$980,$980,$809.17,Above $21.27 (-6.1%),--% 
EGHT,1/20/23 (1.2y),1/19/24 (2.2y),$980,$980,$809.17,Above $21.27 (-6.1%),--% 
EGHT,1/20/23 (1.2y),1/19/24 (2.2y),$980,$980,$809.17,Above $21.27 (-6.1%),--% 
EGHT,1/20/23 (1.2y),1/19/24 (2.2y),$980,$980,$809.17,Above $21.27 (-6.1%),--% 
EGHT,1/20/23 (1.2y),1/19/24 (2.2y),$980,$980,$809.17,Above $21.27 (-6.1%),--% 
EGHT,1/20/23 (1.2y),1/19/24 (2.2y),$980,$980,$809.17,Above $21.27 (-6.1%),--% 
EGHT,1/20/23 (1.2y),1/19/24 (2.2y),$980,$980,$809.17,Above $21.27 (-6.1%),--% 
EGHT,1/20/23 (1.2y),1/19/24 (2.2y),$980,$980,$809.17,Above $21.27 (-6.1%),--% 
EGHT,1/20/23 (1.2y),1/19/24 (2.2y),$980,$980,$809.17,Above $21.27 (-6.1%),--% 
EGHT,1/20/23 (1.2y),1/19/24 (2.2y),$980,$980,$809.17,Above $21.27 (-6.1%),--% 
EGHT,1/20/23 (1.2y),1/19/24 (2.2y),$980,$980,$809.17,Above $21.27 (-6.1%),--% 
EGHT,1/20/23 (1.2y),1/19/24 (2.2y),$980,$980,$809.17,Above $21.27 (-6.1%),--% 
EGHT,1/20/23 (1.2y),1/19/24 (2.2y),$980,$980,$809.17,Above $21.27 (-6.1%),--% 
EGHT,1/20/23 (1.2y),1/19/24 (2.2y),$980,$980,$809.17,Above $21.27 (-6.1%),--% 
EGHT,1/20/23 (1.2y),1/19/24 (2.2y),$980,$980,$809.17,Above $21.27 (-6.1%),--% 
EGHT,1/20/23 (1.2y),1/19/24 (2.2y),$980,$980,$809.17,Above $21.27 (-6.1%),--% 
EGHT,1/20/23 (1.2y),1/19/24 (2.2y),$980,$980,$809.17,Above $21.27 (-6.1%),--% 
EGHT,1/20/23 (1.2y),1/19/24 (2.2y),$980,$980,$809.17,Above $21.27 (-6.1%),--% 
EGHT,1/20/23 (1.2y),1/19/24 (2.2y),$980,$980,$809.17,Above $21.27 (-6.1%),--% 
EGHT,1/20/23 (1.2y),1/19/24 (2.2y),$980,$980,$809.17,Above $21.27 (-6.1%),--% 
EGHT,1/20/23 (1.2y),1/19/24 (2.2y),$980,$980,$809.17,Above $21.27 (-6.1%),--% 
EGHT,1/20/23 (1.2y),1/19/24 (2.2y),$980,$980,$809.17,Above $21.27 (-6.1%),--% 
EGHT,1/20/23 (1.2y),1/19/24 (2.2y),$980,$980,$809.17,Above $21.27 (-6.1%),--% 
EGHT,1/20/23 (1.2y),1/19/24 (2.2y),$980,$980,$809.17,Above $21.27 (-6.1%),--% 
EGHT,1/20/23 (1.2y),1/19/24 (2.2y),$980,$980,$809.17,Above $21.27 (-6.1%),--% 
EGHT,1/20/23 (1.2y),1/19/24 (2.2y),$980,$980,$809.17,Above $21.27 (-6.1%),--% 
EGHT,1/20/23 (1.2y),1/19/24 (2.2y),$980,$980,$809.17,Above $21.27 (-6.1%),--% 
EGHT,1/20/23 (1.2y),1/19/24 (2.2y),$980,$980,$809.17,Above $21.27 (-6.1%),--% 
EGHT,1/20/23 (1.2y),1/19/24 (2.2y),$980,$980,$809.17,Above $21.27 (-6.1%),--% 
EGHT,1/20/23 (1.2y),1/19/24 (2.2y),$980,$980,$809.17,Above $21.27 (-6.1%),--% 
EGHT,1/20/23 (1.2y),1/19/24 (2.2y),$980,$980,$809.17,Above $21.27 (-6.1%),--% 
EGHT,1/20/23 (1.2y),1/19/24 (2.2y),$980,$980,$809.17,Above $21.27 (-6.1%),--% 
EGHT,1/20/23 (1.2y),1/19/24 (2.2y),$980,$980,$809.17,Above $21.27 (-6.1%),--% 
EGHT,1/20/23 (1.2y),1/19/24 (2.2y),$980,$980,$809.17,Above $21.27 (-6.1%),--% 
EGHT,1/20/23 (1.2y),1/19/24 (2.2y),$980,$980,$809.17,Above $21.27 (-6.1%),--% 
EGHT,1/20/23 (1.2y),1/19/24 (2.2y),$980,$980,$809.17,Above $21.27 (-6.1%),--% 
EGHT,1/20/23 (1.2y),1/19/24 (2.2y),$980,$980,$809.17,Above $21.27 (-6.1%),--% 
EGHT,1/20/23 (1.2y),1/19/24 (2.2y),$980,$980,$809.17,Above $21.27 (-6.1%),--% 
EGHT,1/20/23 (1.2y),1/19/24 (2.2y),$980,$980,$809.17,Above $21.27 (-6.1%),--% 
ABT,11/5/21 (7d),12/3/21 (35d),"$2,378","$2,378",$522.04,Above $128.78 (-0.1%),--% 
ABT,11/5/21 (7d),12/10/21 (42d),"$2,363","$2,363",$537,Above $128.63 (-0.2%),--% 
ABT,11/5/21 (7d),12/17/21 (49d),"$2,423","$2,423",$492.79,Above $128.90 (+0%),--% 
ABT,11/5/21 (7d),1/21/22 (84d),"$2,438","$2,438",$489.11,Above $128.86 (-0%),--% 
ABT,11/5/21 (7d),2/18/22 (112d),"$2,460","$2,460",$481.82,Above $128.86 (-0%),--% 
ABT,11/5/21 (7d),5/20/22 (203d),"$2,558","$2,558",$458.62,Above $128.85 (-0%),--% 
ABT,11/5/21 (7d),6/17/22 (231d),"$2,603","$2,603",$449.37,Above $128.85 (-0%),--% 
ABT,11/5/21 (7d),1/20/23 (1.2y),"$2,868","$2,868",$419.24,Above $128.84 (-0%),--% 
ABT,11/5/21 (7d),1/19/24 (2.2y),"$3,108","$3,108",$402.79,Between $128.81 - $167.80,--% 
ABT,11/5/21 (7d),1/19/24 (2.2y),"$3,108","$3,108",$402.79,Between $128.81 - $167.80,--% 
ABT,11/12/21 (14d),12/3/21 (35d),"$2,360","$2,360",$540,Above $128.60 (-0.2%),--% 
ABT,11/12/21 (14d),12/10/21 (42d),"$2,345","$2,345",$555,Above $128.45 (-0.3%),--% 
ABT,11/12/21 (14d),12/17/21 (49d),"$2,405","$2,405",$503.78,Above $128.84 (-0%),--% 
ABT,11/12/21 (14d),1/21/22 (84d),"$2,420","$2,420",$500.85,Above $128.78 (-0.1%),--% 
ABT,11/12/21 (14d),2/18/22 (112d),"$2,442","$2,442",$493.30,Above $128.77 (-0.1%),--% 
ABT,11/12/21 (14d),5/20/22 (203d),"$2,540","$2,540",$469.10,Above $128.75 (-0.1%),--% 
ABT,11/12/21 (14d),6/17/22 (231d),"$2,585","$2,585",$459.39,Above $128.75 (-0.1%),--% 
ABT,11/12/21 (14d),1/20/23 (1.2y),"$2,850","$2,850",$429.54,Above $128.72 (-0.1%),--% 
ABT,11/12/21 (14d),1/19/24 (2.2y),"$3,090","$3,090",$415.05,Between $128.66 - $170.04,--% 
ABT,11/12/21 (14d),1/19/24 (2.2y),"$3,090","$3,090",$415.05,Between $128.66 - $170.04,--% 
ABT,11/19/21 (21d),12/3/21 (35d),"$2,336","$2,336",$564,Above $128.36 (-0.4%),--% 
ABT,11/19/21 (21d),12/10/21 (42d),"$2,321","$2,321",$579,Above $128.21 (-0.5%),--% 
ABT,11/19/21 (21d),12/17/21 (49d),"$2,381","$2,381",$522.85,Above $128.70 (-0.1%),--% 
ABT,11/19/21 (21d),1/21/22 (84d),"$2,396","$2,396",$519.32,Above $128.62 (-0.2%),--% 
ABT,11/19/21 (21d),2/18/22 (112d),"$2,418","$2,418",$511.22,Above $128.61 (-0.2%),--% 
ABT,11/19/21 (21d),5/20/22 (203d),"$2,516","$2,516",$485.70,Above $128.59 (-0.2%),--% 
ABT,11/19/21 (21d),6/17/22 (231d),"$2,561","$2,561",$475.52,Above $128.59 (-0.2%),--% 
ABT,11/19/21 (21d),1/20/23 (1.2y),"$2,826","$2,826",$445.85,Above $128.53 (-0.3%),--% 
ABT,11/19/21 (21d),1/19/24 (2.2y),"$3,066","$3,066",$433.32,Between $128.42 - $173.59,--% 
ABT,11/19/21 (21d),1/19/24 (2.2y),"$3,066","$3,066",$433.32,Between $128.42 - $173.59,--% 
ABT,11/26/21 (28d),12/3/21 (35d),"$2,311","$2,311",$589,Above $128.11 (-0.6%),--% 
ABT,11/26/21 (28d),12/10/21 (42d),"$2,296","$2,296",$604,Above $127.96 (-0.7%),--% 
ABT,11/26/21 (28d),12/17/21 (49d),"$2,356","$2,356",$545.07,Above $128.52 (-0.3%),--% 
ABT,11/26/21 (28d),1/21/22 (84d),"$2,371","$2,371",$539.56,Above $128.45 (-0.3%),--% 
ABT,11/26/21 (28d),2/18/22 (112d),"$2,393","$2,393",$530.58,Above $128.44 (-0.3%),--% 
ABT,11/26/21 (28d),5/20/22 (203d),"$2,491","$2,491",$503.40,Above $128.41 (-0.4%),--% 
ABT,11/26/21 (28d),6/17/22 (231d),"$2,536","$2,536",$492.69,Above $128.41 (-0.4%),--% 
ABT,11/26/21 (28d),1/20/23 (1.2y),"$2,801","$2,801",$463.15,Above $128.32 (-0.4%),--% 
ABT,11/26/21 (28d),1/19/24 (2.2y),"$3,041","$3,041",$452.57,Between $128.18 - $177.91,--% 
ABT,11/26/21 (28d),1/19/24 (2.2y),"$3,041","$3,041",$452.57,Between $128.18 - $177.91,--% 
ABT,12/3/21 (35d),1/19/24 (2.2y),"$3,005","$3,005",$482.82,Between $127.79 - $186.05,--% 
ABT,12/3/21 (35d),12/10/21 (42d),"$2,260","$2,260",$640,Above $127.60 (-1%),--% 
ABT,12/3/21 (35d),12/17/21 (49d),"$2,320","$2,320",$580.10,Above $128.19 (-0.5%),--% 
ABT,12/3/21 (35d),1/21/22 (84d),"$2,335","$2,335",$571.67,Above $128.16 (-0.6%),--% 
ABT,12/3/21 (35d),2/18/22 (112d),"$2,357","$2,357",$561.44,Above $128.15 (-0.6%),--% 
ABT,12/3/21 (35d),5/20/22 (203d),"$2,455","$2,455",$532.21,Above $128.11 (-0.6%),--% 
ABT,12/3/21 (35d),6/17/22 (231d),"$2,500","$2,500",$520.93,Above $128.11 (-0.6%),--% 
ABT,12/3/21 (35d),1/20/23 (1.2y),"$2,765","$2,765",$491.44,Above $127.98 (-0.7%),--% 
ABT,12/3/21 (35d),1/19/24 (2.2y),"$3,005","$3,005",$482.82,Between $127.79 - $186.05,--% 
ABT,12/3/21 (35d),1/19/24 (2.2y),"$3,005","$3,005",$482.82,Between $127.79 - $186.05,--% 
ABT,12/10/21 (42d),1/19/24 (2.2y),"$3,003","$3,003",$479.05,Between $127.85 - $185.97,--% 
ABT,12/10/21 (42d),1/19/24 (2.2y),"$3,003","$3,003",$479.05,Between $127.85 - $185.97,--% 
ABT,12/10/21 (42d),12/17/21 (49d),"$2,318","$2,318",$582,Above $128.18 (-0.5%),--% 
ABT,12/10/21 (42d),1/21/22 (84d),"$2,333","$2,333",$570.71,Above $128.21 (-0.5%),--% 
ABT,12/10/21 (42d),2/18/22 (112d),"$2,355","$2,355",$558.85,Above $128.21 (-0.5%),--% 
ABT,12/10/21 (42d),5/20/22 (203d),"$2,453","$2,453",$527.15,Above $128.19 (-0.5%),--% 
ABT,12/10/21 (42d),6/17/22 (231d),"$2,498","$2,498",$515.25,Above $128.20 (-0.5%),--% 
ABT,12/10/21 (42d),1/20/23 (1.2y),"$2,763","$2,763",$485.70,Above $128.06 (-0.6%),--% 
ABT,12/10/21 (42d),1/19/24 (2.2y),"$3,003","$3,003",$479.05,Between $127.85 - $185.97,--% 
ABT,12/10/21 (42d),1/19/24 (2.2y),"$3,003","$3,003",$479.05,Between $127.85 - $185.97,--% 
ABT,12/17/21 (49d),1/19/24 (2.2y),"$2,993","$2,993",$563.55,Above $127.80 (-0.8%),--% 
ABT,12/17/21 (49d),1/19/24 (2.2y),"$2,993","$2,993",$563.55,Above $127.80 (-0.8%),--% 
ABT,12/17/21 (49d),1/19/24 (2.2y),"$2,993","$2,993",$563.55,Above $127.80 (-0.8%),--% 
ABT,12/17/21 (49d),1/21/22 (84d),"$2,323","$2,323",$678.31,Above $128.16 (-0.5%),--% 
ABT,12/17/21 (49d),2/18/22 (112d),"$2,345","$2,345",$663.45,Above $128.19 (-0.5%),--% 
ABT,12/17/21 (49d),5/20/22 (203d),"$2,443","$2,443",$623.47,Above $128.19 (-0.5%),--% 
ABT,12/17/21 (49d),6/17/22 (231d),"$2,488","$2,488",$610.78,Above $128.20 (-0.5%),--% 
ABT,12/17/21 (49d),1/20/23 (1.2y),"$2,753","$2,753",$575.54,Above $128.04 (-0.6%),--% 
ABT,12/17/21 (49d),1/19/24 (2.2y),"$2,993","$2,993",$563.55,Above $127.80 (-0.8%),--% 
ABT,12/17/21 (49d),1/19/24 (2.2y),"$2,993","$2,993",$563.55,Above $127.80 (-0.8%),--% 
ABT,1/21/22 (84d),1/19/24 (2.2y),"$2,881","$2,881",$646.79,Above $126.74 (-1.6%),--% 
ABT,1/21/22 (84d),1/19/24 (2.2y),"$2,881","$2,881",$646.79,Above $126.74 (-1.6%),--% 
ABT,1/21/22 (84d),1/19/24 (2.2y),"$2,881","$2,881",$646.79,Above $126.74 (-1.6%),--% 
ABT,1/21/22 (84d),1/19/24 (2.2y),"$2,881","$2,881",$646.79,Above $126.74 (-1.6%),--% 
ABT,1/21/22 (84d),2/18/22 (112d),"$2,233","$2,233",$767.18,Above $127.31 (-1.2%),--% 
ABT,1/21/22 (84d),5/20/22 (203d),"$2,331","$2,331",$705.67,Above $127.46 (-1.1%),--% 
ABT,1/21/22 (84d),6/17/22 (231d),"$2,376","$2,376",$688.03,Above $127.48 (-1.1%),--% 
ABT,1/21/22 (84d),1/20/23 (1.2y),"$2,641","$2,641",$649.22,Above $127.20 (-1.3%),--% 
ABT,1/21/22 (84d),1/19/24 (2.2y),"$2,881","$2,881",$646.79,Above $126.74 (-1.6%),--% 
ABT,1/21/22 (84d),1/19/24 (2.2y),"$2,881","$2,881",$646.79,Above $126.74 (-1.6%),--% 
ABT,2/18/22 (112d),1/19/24 (2.2y),"$2,775","$2,775",$729.54,Above $125.69 (-2.5%),--% 
ABT,2/18/22 (112d),1/19/24 (2.2y),"$2,775","$2,775",$729.54,Above $125.69 (-2.5%),--% 
ABT,2/18/22 (112d),1/19/24 (2.2y),"$2,775","$2,775",$729.54,Above $125.69 (-2.5%),--% 
ABT,2/18/22 (112d),1/19/24 (2.2y),"$2,775","$2,775",$729.54,Above $125.69 (-2.5%),--% 
ABT,2/18/22 (112d),1/19/24 (2.2y),"$2,775","$2,775",$729.54,Above $125.69 (-2.5%),--% 
ABT,2/18/22 (112d),5/20/22 (203d),"$2,225","$2,225",$792.69,Above $126.70 (-1.7%),--% 
ABT,2/18/22 (112d),6/17/22 (231d),"$2,270","$2,270",$769.42,Above $126.74 (-1.7%),--% 
ABT,2/18/22 (112d),1/20/23 (1.2y),"$2,535","$2,535",$724.39,Above $126.34 (-2%),--% 
ABT,2/18/22 (112d),1/19/24 (2.2y),"$2,775","$2,775",$729.54,Above $125.69 (-2.5%),--% 
ABT,2/18/22 (112d),1/19/24 (2.2y),"$2,775","$2,775",$729.54,Above $125.69 (-2.5%),--% 
ABT,5/20/22 (203d),1/19/24 (2.2y),"$2,538","$2,538",$889.62,Above $123.72 (-4%),--% 
ABT,5/20/22 (203d),1/19/24 (2.2y),"$2,538","$2,538",$889.62,Above $123.72 (-4%),--% 
ABT,5/20/22 (203d),1/19/24 (2.2y),"$2,538","$2,538",$889.62,Above $123.72 (-4%),--% 
ABT,5/20/22 (203d),1/19/24 (2.2y),"$2,538","$2,538",$889.62,Above $123.72 (-4%),--% 
ABT,5/20/22 (203d),1/19/24 (2.2y),"$2,538","$2,538",$889.62,Above $123.72 (-4%),--% 
ABT,5/20/22 (203d),1/19/24 (2.2y),"$2,538","$2,538",$889.62,Above $123.72 (-4%),--% 
ABT,5/20/22 (203d),6/17/22 (231d),"$2,033","$2,033",$967.09,Above $125.30 (-2.8%),--% 
ABT,5/20/22 (203d),1/20/23 (1.2y),"$2,298","$2,298",$861.58,Above $124.98 (-3%),--% 
ABT,5/20/22 (203d),1/19/24 (2.2y),"$2,538","$2,538",$889.62,Above $123.72 (-4%),--% 
ABT,5/20/22 (203d),1/19/24 (2.2y),"$2,538","$2,538",$889.62,Above $123.72 (-4%),--% 
ABT,6/17/22 (231d),1/19/24 (2.2y),"$2,473","$2,473",$930.51,Above $123.23 (-4.4%),--% 
ABT,6/17/22 (231d),1/19/24 (2.2y),"$2,473","$2,473",$930.51,Above $123.23 (-4.4%),--% 
ABT,6/17/22 (231d),1/19/24 (2.2y),"$2,473","$2,473",$930.51,Above $123.23 (-4.4%),--% 
ABT,6/17/22 (231d),1/19/24 (2.2y),"$2,473","$2,473",$930.51,Above $123.23 (-4.4%),--% 
ABT,6/17/22 (231d),1/19/24 (2.2y),"$2,473","$2,473",$930.51,Above $123.23 (-4.4%),--% 
ABT,6/17/22 (231d),1/19/24 (2.2y),"$2,473","$2,473",$930.51,Above $123.23 (-4.4%),--% 
ABT,6/17/22 (231d),1/19/24 (2.2y),"$2,473","$2,473",$930.51,Above $123.23 (-4.4%),--% 
ABT,6/17/22 (231d),1/20/23 (1.2y),"$2,233","$2,233",$896.65,Above $124.70 (-3.2%),--% 
ABT,6/17/22 (231d),1/19/24 (2.2y),"$2,473","$2,473",$930.51,Above $123.23 (-4.4%),--% 
ABT,6/17/22 (231d),1/19/24 (2.2y),"$2,473","$2,473",$930.51,Above $123.23 (-4.4%),--% 
ABT,1/20/23 (1.2y),1/19/24 (2.2y),"$2,080","$2,080","$1,131.88",Above $121.23 (-5.9%),--% 
ABT,1/20/23 (1.2y),1/19/24 (2.2y),"$2,080","$2,080","$1,131.88",Above $121.23 (-5.9%),--% 
ABT,1/20/23 (1.2y),1/19/24 (2.2y),"$2,080","$2,080","$1,131.88",Above $121.23 (-5.9%),--% 
ABT,1/20/23 (1.2y),1/19/24 (2.2y),"$2,080","$2,080","$1,131.88",Above $121.23 (-5.9%),--% 
ABT,1/20/23 (1.2y),1/19/24 (2.2y),"$2,080","$2,080","$1,131.88",Above $121.23 (-5.9%),--% 
ABT,1/20/23 (1.2y),1/19/24 (2.2y),"$2,080","$2,080","$1,131.88",Above $121.23 (-5.9%),--% 
ABT,1/20/23 (1.2y),1/19/24 (2.2y),"$2,080","$2,080","$1,131.88",Above $121.23 (-5.9%),--% 
ABT,1/20/23 (1.2y),1/19/24 (2.2y),"$2,080","$2,080","$1,131.88",Above $121.23 (-5.9%),--% 
ABT,1/20/23 (1.2y),1/19/24 (2.2y),"$2,080","$2,080","$1,131.88",Above $121.23 (-5.9%),--% 
ABT,1/20/23 (1.2y),1/19/24 (2.2y),"$2,080","$2,080","$1,131.88",Above $121.23 (-5.9%),--% 
ABT,1/20/23 (1.2y),1/19/24 (2.2y),"$2,080","$2,080","$1,131.88",Above $121.23 (-5.9%),--% 
ABT,1/20/23 (1.2y),1/19/24 (2.2y),"$2,080","$2,080","$1,131.88",Above $121.23 (-5.9%),--% 
ABT,1/20/23 (1.2y),1/19/24 (2.2y),"$2,080","$2,080","$1,131.88",Above $121.23 (-5.9%),--% 
ABT,1/20/23 (1.2y),1/19/24 (2.2y),"$2,080","$2,080","$1,131.88",Above $121.23 (-5.9%),--% 
ABT,1/20/23 (1.2y),1/19/24 (2.2y),"$2,080","$2,080","$1,131.88",Above $121.23 (-5.9%),--% 
ABT,1/20/23 (1.2y),1/19/24 (2.2y),"$2,080","$2,080","$1,131.88",Above $121.23 (-5.9%),--% 
ABT,1/20/23 (1.2y),1/19/24 (2.2y),"$2,080","$2,080","$1,131.88",Above $121.23 (-5.9%),--% 
ABT,1/20/23 (1.2y),1/19/24 (2.2y),"$2,080","$2,080","$1,131.88",Above $121.23 (-5.9%),--% 
ABT,1/20/23 (1.2y),1/19/24 (2.2y),"$2,080","$2,080","$1,131.88",Above $121.23 (-5.9%),--% 
ABT,1/20/23 (1.2y),1/19/24 (2.2y),"$2,080","$2,080","$1,131.88",Above $121.23 (-5.9%),--% 
ABT,1/20/23 (1.2y),1/19/24 (2.2y),"$2,080","$2,080","$1,131.88",Above $121.23 (-5.9%),--% 
ABT,1/20/23 (1.2y),1/19/24 (2.2y),"$2,080","$2,080","$1,131.88",Above $121.23 (-5.9%),--% 
ABT,1/20/23 (1.2y),1/19/24 (2.2y),"$2,080","$2,080","$1,131.88",Above $121.23 (-5.9%),--% 
ABT,1/20/23 (1.2y),1/19/24 (2.2y),"$2,080","$2,080","$1,131.88",Above $121.23 (-5.9%),--% 
ABT,1/20/23 (1.2y),1/19/24 (2.2y),"$2,080","$2,080","$1,131.88",Above $121.23 (-5.9%),--% 
ABT,1/20/23 (1.2y),1/19/24 (2.2y),"$2,080","$2,080","$1,131.88",Above $121.23 (-5.9%),--% 
ABT,1/20/23 (1.2y),1/19/24 (2.2y),"$2,080","$2,080","$1,131.88",Above $121.23 (-5.9%),--% 
ABT,1/20/23 (1.2y),1/19/24 (2.2y),"$2,080","$2,080","$1,131.88",Above $121.23 (-5.9%),--% 
ABT,1/20/23 (1.2y),1/19/24 (2.2y),"$2,080","$2,080","$1,131.88",Above $121.23 (-5.9%),--% 
ABT,1/20/23 (1.2y),1/19/24 (2.2y),"$2,080","$2,080","$1,131.88",Above $121.23 (-5.9%),--% 
ABT,1/20/23 (1.2y),1/19/24 (2.2y),"$2,080","$2,080","$1,131.88",Above $121.23 (-5.9%),--% 
ABT,1/20/23 (1.2y),1/19/24 (2.2y),"$2,080","$2,080","$1,131.88",Above $121.23 (-5.9%),--% 
ABT,1/20/23 (1.2y),1/19/24 (2.2y),"$2,080","$2,080","$1,131.88",Above $121.23 (-5.9%),--% 
ABT,1/20/23 (1.2y),1/19/24 (2.2y),"$2,080","$2,080","$1,131.88",Above $121.23 (-5.9%),--% 
ABT,1/20/23 (1.2y),1/19/24 (2.2y),"$2,080","$2,080","$1,131.88",Above $121.23 (-5.9%),--% 
ABT,1/20/23 (1.2y),1/19/24 (2.2y),"$2,080","$2,080","$1,131.88",Above $121.23 (-5.9%),--% 
ABT,1/20/23 (1.2y),1/19/24 (2.2y),"$2,080","$2,080","$1,131.88",Above $121.23 (-5.9%),--% 
ABT,1/20/23 (1.2y),1/19/24 (2.2y),"$2,080","$2,080","$1,131.88",Above $121.23 (-5.9%),--% 
ABT,1/20/23 (1.2y),1/19/24 (2.2y),"$2,080","$2,080","$1,131.88",Above $121.23 (-5.9%),--% 
ABT,1/20/23 (1.2y),1/19/24 (2.2y),"$2,080","$2,080","$1,131.88",Above $121.23 (-5.9%),--% 
ABT,1/20/23 (1.2y),1/19/24 (2.2y),"$2,080","$2,080","$1,131.88",Above $121.23 (-5.9%),--% 
ABT,1/20/23 (1.2y),1/19/24 (2.2y),"$2,080","$2,080","$1,131.88",Above $121.23 (-5.9%),--% 
ABT,1/20/23 (1.2y),1/19/24 (2.2y),"$2,080","$2,080","$1,131.88",Above $121.23 (-5.9%),--% 
ABT,1/20/23 (1.2y),1/19/24 (2.2y),"$2,080","$2,080","$1,131.88",Above $121.23 (-5.9%),--% 
ABT,1/20/23 (1.2y),1/19/24 (2.2y),"$2,080","$2,080","$1,131.88",Above $121.23 (-5.9%),--% 
ABT,1/20/23 (1.2y),1/19/24 (2.2y),"$2,080","$2,080","$1,131.88",Above $121.23 (-5.9%),--% 
ABT,1/20/23 (1.2y),1/19/24 (2.2y),"$2,080","$2,080","$1,131.88",Above $121.23 (-5.9%),--% 
ABT,1/20/23 (1.2y),1/19/24 (2.2y),"$2,080","$2,080","$1,131.88",Above $121.23 (-5.9%),--% 
ABT,1/20/23 (1.2y),1/19/24 (2.2y),"$2,080","$2,080","$1,131.88",Above $121.23 (-5.9%),--% 
ABT,1/20/23 (1.2y),1/19/24 (2.2y),"$2,080","$2,080","$1,131.88",Above $121.23 (-5.9%),--% 
ABT,1/20/23 (1.2y),1/19/24 (2.2y),"$2,080","$2,080","$1,131.88",Above $121.23 (-5.9%),--% 
ABT,1/20/23 (1.2y),1/19/24 (2.2y),"$2,080","$2,080","$1,131.88",Above $121.23 (-5.9%),--% 
ABT,1/20/23 (1.2y),1/19/24 (2.2y),"$2,080","$2,080","$1,131.88",Above $121.23 (-5.9%),--% 
ABT,1/20/23 (1.2y),1/19/24 (2.2y),"$2,080","$2,080","$1,131.88",Above $121.23 (-5.9%),--% 
ABT,1/20/23 (1.2y),1/19/24 (2.2y),"$2,080","$2,080","$1,131.88",Above $121.23 (-5.9%),--% 
ABT,1/20/23 (1.2y),1/19/24 (2.2y),"$2,080","$2,080","$1,131.88",Above $121.23 (-5.9%),--% 
ABT,1/20/23 (1.2y),1/19/24 (2.2y),"$2,080","$2,080","$1,131.88",Above $121.23 (-5.9%),--% 
ABT,1/20/23 (1.2y),1/19/24 (2.2y),"$2,080","$2,080","$1,131.88",Above $121.23 (-5.9%),--% 
ABT,1/20/23 (1.2y),1/19/24 (2.2y),"$2,080","$2,080","$1,131.88",Above $121.23 (-5.9%),--% 
ABT,1/20/23 (1.2y),1/19/24 (2.2y),"$2,080","$2,080","$1,131.88",Above $121.23 (-5.9%),--% 
ABT,1/20/23 (1.2y),1/19/24 (2.2y),"$2,080","$2,080","$1,131.88",Above $121.23 (-5.9%),--% 
ABT,1/20/23 (1.2y),1/19/24 (2.2y),"$2,080","$2,080","$1,131.88",Above $121.23 (-5.9%),--% 
ABT,1/20/23 (1.2y),1/19/24 (2.2y),"$2,080","$2,080","$1,131.88",Above $121.23 (-5.9%),--% 
ABT,1/20/23 (1.2y),1/19/24 (2.2y),"$2,080","$2,080","$1,131.88",Above $121.23 (-5.9%),--% 
ABT,1/20/23 (1.2y),1/19/24 (2.2y),"$2,080","$2,080","$1,131.88",Above $121.23 (-5.9%),--% 
ABT,1/20/23 (1.2y),1/19/24 (2.2y),"$2,080","$2,080","$1,131.88",Above $121.23 (-5.9%),--% 
ABT,1/20/23 (1.2y),1/19/24 (2.2y),"$2,080","$2,080","$1,131.88",Above $121.23 (-5.9%),--% 
ABT,1/20/23 (1.2y),1/19/24 (2.2y),"$2,080","$2,080","$1,131.88",Above $121.23 (-5.9%),--% 
ABT,1/20/23 (1.2y),1/19/24 (2.2y),"$2,080","$2,080","$1,131.88",Above $121.23 (-5.9%),--% 
ABT,1/20/23 (1.2y),1/19/24 (2.2y),"$2,080","$2,080","$1,131.88",Above $121.23 (-5.9%),--% 
ABBV,11/5/21 (7d),11/26/21 (28d),"$2,447","$2,447",$553,Above $114.47 (-0.2%),--% 
ABBV,11/5/21 (7d),12/3/21 (35d),"$2,487","$2,487",$519.77,Above $114.70 (-0%),--% 
ABBV,11/5/21 (7d),12/10/21 (42d),"$2,467","$2,467",$534.45,Above $114.62 (-0.1%),--% 
ABBV,11/5/21 (7d),12/17/21 (49d),"$2,472","$2,472",$531.09,Above $114.63 (-0.1%),--% 
ABBV,11/5/21 (7d),1/21/22 (84d),"$2,507","$2,507",$513.42,Above $114.66 (-0%),--% 
ABBV,11/5/21 (7d),2/18/22 (112d),"$2,515","$2,515",$511.64,Above $114.64 (-0.1%),--% 
ABBV,11/5/21 (7d),5/20/22 (203d),"$2,525","$2,525",$509.88,Above $114.62 (-0.1%),--% 
ABBV,11/5/21 (7d),6/17/22 (231d),"$2,530","$2,530",$508.40,Above $114.61 (-0.1%),--% 
ABBV,11/5/21 (7d),1/20/23 (1.2y),"$2,587","$2,587",$493.93,Above $114.60 (-0.1%),--% 
ABBV,11/5/21 (7d),1/19/24 (2.2y),"$2,690","$2,690",$474.15,Above $114.58 (-0.1%),--% 
ABBV,11/5/21 (7d),1/19/24 (2.2y),"$2,690","$2,690",$474.15,Above $114.58 (-0.1%),--% 
ABBV,11/12/21 (14d),11/26/21 (28d),"$2,423","$2,423",$577,Above $114.23 (-0.4%),--% 
ABBV,11/12/21 (14d),12/3/21 (35d),"$2,463","$2,463",$539.12,Above $114.56 (-0.1%),--% 
ABBV,11/12/21 (14d),12/10/21 (42d),"$2,443","$2,443",$557.45,Above $114.41 (-0.3%),--% 
ABBV,11/12/21 (14d),12/17/21 (49d),"$2,448","$2,448",$553.36,Above $114.43 (-0.2%),--% 
ABBV,11/12/21 (14d),1/21/22 (84d),"$2,483","$2,483",$532.38,Above $114.49 (-0.2%),--% 
ABBV,11/12/21 (14d),2/18/22 (112d),"$2,491","$2,491",$531.01,Above $114.47 (-0.2%),--% 
ABBV,11/12/21 (14d),5/20/22 (203d),"$2,501","$2,501",$530.77,Above $114.41 (-0.3%),--% 
ABBV,11/12/21 (14d),6/17/22 (231d),"$2,506","$2,506",$529.47,Above $114.40 (-0.3%),--% 
ABBV,11/12/21 (14d),1/20/23 (1.2y),"$2,563","$2,563",$515.33,Above $114.37 (-0.3%),--% 
ABBV,11/12/21 (14d),1/19/24 (2.2y),"$2,666","$2,666",$495.79,Above $114.34 (-0.3%),--% 
ABBV,11/12/21 (14d),1/19/24 (2.2y),"$2,666","$2,666",$495.79,Above $114.34 (-0.3%),--% 
ABBV,11/19/21 (21d),11/26/21 (28d),"$2,403","$2,403",$597,Above $114.03 (-0.6%),--% 
ABBV,11/19/21 (21d),12/3/21 (35d),"$2,443","$2,443",$557.25,Above $114.42 (-0.3%),--% 
ABBV,11/19/21 (21d),12/10/21 (42d),"$2,423","$2,423",$577.07,Above $114.22 (-0.4%),--% 
ABBV,11/19/21 (21d),12/17/21 (49d),"$2,428","$2,428",$572.42,Above $114.26 (-0.4%),--% 
ABBV,11/19/21 (21d),1/21/22 (84d),"$2,463","$2,463",$548.03,Above $114.37 (-0.3%),--% 
ABBV,11/19/21 (21d),2/18/22 (112d),"$2,471","$2,471",$546.78,Above $114.33 (-0.3%),--% 
ABBV,11/19/21 (21d),5/20/22 (203d),"$2,481","$2,481",$547.59,Above $114.24 (-0.4%),--% 
ABBV,11/19/21 (21d),6/17/22 (231d),"$2,486","$2,486",$546.64,Above $114.23 (-0.4%),--% 
ABBV,11/19/21 (21d),1/20/23 (1.2y),"$2,543","$2,543",$532.76,Above $114.18 (-0.5%),--% 
ABBV,11/19/21 (21d),1/19/24 (2.2y),"$2,646","$2,646",$513.44,Above $114.14 (-0.5%),--% 
ABBV,11/19/21 (21d),1/19/24 (2.2y),"$2,646","$2,646",$513.44,Above $114.14 (-0.5%),--% 
ABBV,11/26/21 (28d),1/19/24 (2.2y),"$2,619","$2,619",$538.10,Above $113.86 (-0.7%),--% 
ABBV,11/26/21 (28d),12/3/21 (35d),"$2,416","$2,416",$584,Above $114.16 (-0.5%),--% 
ABBV,11/26/21 (28d),12/10/21 (42d),"$2,396","$2,396",$604,Above $113.96 (-0.7%),--% 
ABBV,11/26/21 (28d),12/17/21 (49d),"$2,401","$2,401",$599.07,Above $114 (-0.6%),--% 
ABBV,11/26/21 (28d),1/21/22 (84d),"$2,436","$2,436",$571.38,Above $114.16 (-0.5%),--% 
ABBV,11/26/21 (28d),2/18/22 (112d),"$2,444","$2,444",$569.95,Above $114.12 (-0.5%),--% 
ABBV,11/26/21 (28d),5/20/22 (203d),"$2,454","$2,454",$571.74,Above $114 (-0.6%),--% 
ABBV,11/26/21 (28d),6/17/22 (231d),"$2,459","$2,459",$570.90,Above $113.99 (-0.6%),--% 
ABBV,11/26/21 (28d),1/20/23 (1.2y),"$2,516","$2,516",$557.22,Above $113.92 (-0.7%),--% 
ABBV,11/26/21 (28d),1/19/24 (2.2y),"$2,619","$2,619",$538.10,Above $113.86 (-0.7%),--% 
ABBV,11/26/21 (28d),1/19/24 (2.2y),"$2,619","$2,619",$538.10,Above $113.86 (-0.7%),--% 
ABBV,12/3/21 (35d),1/19/24 (2.2y),"$2,596","$2,596",$558.76,Above $113.62 (-0.9%),--% 
ABBV,12/3/21 (35d),1/19/24 (2.2y),"$2,596","$2,596",$558.76,Above $113.62 (-0.9%),--% 
ABBV,12/3/21 (35d),12/10/21 (42d),"$2,373","$2,373",$627,Above $113.73 (-0.9%),--% 
ABBV,12/3/21 (35d),12/17/21 (49d),"$2,378","$2,378",$622,Above $113.78 (-0.8%),--% 
ABBV,12/3/21 (35d),1/21/22 (84d),"$2,413","$2,413",$591.48,Above $113.99 (-0.6%),--% 
ABBV,12/3/21 (35d),2/18/22 (112d),"$2,421","$2,421",$589.56,Above $113.94 (-0.7%),--% 
ABBV,12/3/21 (35d),5/20/22 (203d),"$2,431","$2,431",$592.01,Above $113.81 (-0.8%),--% 
ABBV,12/3/21 (35d),6/17/22 (231d),"$2,436","$2,436",$591.25,Above $113.79 (-0.8%),--% 
ABBV,12/3/21 (35d),1/20/23 (1.2y),"$2,493","$2,493",$577.69,Above $113.70 (-0.9%),--% 
ABBV,12/3/21 (35d),1/19/24 (2.2y),"$2,596","$2,596",$558.76,Above $113.62 (-0.9%),--% 
ABBV,12/3/21 (35d),1/19/24 (2.2y),"$2,596","$2,596",$558.76,Above $113.62 (-0.9%),--% 
ABBV,12/10/21 (42d),1/19/24 (2.2y),"$2,604","$2,604",$548.43,Above $113.75 (-0.8%),--% 
ABBV,12/10/21 (42d),1/19/24 (2.2y),"$2,604","$2,604",$548.43,Above $113.75 (-0.8%),--% 
ABBV,12/10/21 (42d),1/19/24 (2.2y),"$2,604","$2,604",$548.43,Above $113.75 (-0.8%),--% 
ABBV,12/10/21 (42d),12/17/21 (49d),"$2,386","$2,386",$614,Above $113.86 (-0.7%),--% 
ABBV,12/10/21 (42d),1/21/22 (84d),"$2,421","$2,421",$581.37,Above $114.13 (-0.5%),--% 
ABBV,12/10/21 (42d),2/18/22 (112d),"$2,429","$2,429",$578.62,Above $114.09 (-0.5%),--% 
ABBV,12/10/21 (42d),5/20/22 (203d),"$2,439","$2,439",$581.40,Above $113.94 (-0.7%),--% 
ABBV,12/10/21 (42d),6/17/22 (231d),"$2,444","$2,444",$580.69,Above $113.92 (-0.7%),--% 
ABBV,12/10/21 (42d),1/20/23 (1.2y),"$2,501","$2,501",$567.19,Above $113.83 (-0.8%),--% 
ABBV,12/10/21 (42d),1/19/24 (2.2y),"$2,604","$2,604",$548.43,Above $113.75 (-0.8%),--% 
ABBV,12/10/21 (42d),1/19/24 (2.2y),"$2,604","$2,604",$548.43,Above $113.75 (-0.8%),--% 
ABBV,12/17/21 (49d),1/19/24 (2.2y),"$2,551","$2,551",$599.10,Above $113.16 (-1.3%),--% 
ABBV,12/17/21 (49d),1/19/24 (2.2y),"$2,551","$2,551",$599.10,Above $113.16 (-1.3%),--% 
ABBV,12/17/21 (49d),1/19/24 (2.2y),"$2,551","$2,551",$599.10,Above $113.16 (-1.3%),--% 
ABBV,12/17/21 (49d),1/19/24 (2.2y),"$2,551","$2,551",$599.10,Above $113.16 (-1.3%),--% 
ABBV,12/17/21 (49d),1/21/22 (84d),"$2,368","$2,368",$633,Above $113.63 (-0.9%),--% 
ABBV,12/17/21 (49d),2/18/22 (112d),"$2,376","$2,376",$629.18,Above $113.59 (-1%),--% 
ABBV,12/17/21 (49d),5/20/22 (203d),"$2,386","$2,386",$631.93,Above $113.43 (-1.1%),--% 
ABBV,12/17/21 (49d),6/17/22 (231d),"$2,391","$2,391",$631.24,Above $113.40 (-1.1%),--% 
ABBV,12/17/21 (49d),1/20/23 (1.2y),"$2,448","$2,448",$617.72,Above $113.28 (-1.2%),--% 
ABBV,12/17/21 (49d),1/19/24 (2.2y),"$2,551","$2,551",$599.10,Above $113.16 (-1.3%),--% 
ABBV,12/17/21 (49d),1/19/24 (2.2y),"$2,551","$2,551",$599.10,Above $113.16 (-1.3%),--% 
ABBV,1/21/22 (84d),1/19/24 (2.2y),"$2,456","$2,456",$682.51,Above $112.22 (-2.2%),--% 
ABBV,1/21/22 (84d),1/19/24 (2.2y),"$2,456","$2,456",$682.51,Above $112.22 (-2.2%),--% 
ABBV,1/21/22 (84d),1/19/24 (2.2y),"$2,456","$2,456",$682.51,Above $112.22 (-2.2%),--% 
ABBV,1/21/22 (84d),1/19/24 (2.2y),"$2,456","$2,456",$682.51,Above $112.22 (-2.2%),--% 
ABBV,1/21/22 (84d),1/19/24 (2.2y),"$2,456","$2,456",$682.51,Above $112.22 (-2.2%),--% 
ABBV,1/21/22 (84d),1/19/24 (2.2y),"$2,456","$2,456",$682.51,Above $112.22 (-2.2%),--% 
ABBV,1/21/22 (84d),2/18/22 (112d),"$2,281","$2,281",$719.07,Above $112.80 (-1.7%),--% 
ABBV,1/21/22 (84d),5/20/22 (203d),"$2,291","$2,291",$716.66,Above $112.65 (-1.8%),--% 
ABBV,1/21/22 (84d),6/17/22 (231d),"$2,296","$2,296",$715.68,Above $112.61 (-1.8%),--% 
ABBV,1/21/22 (84d),1/20/23 (1.2y),"$2,353","$2,353",$700.72,Above $112.42 (-2%),--% 
ABBV,1/21/22 (84d),1/19/24 (2.2y),"$2,456","$2,456",$682.51,Above $112.22 (-2.2%),--% 
ABBV,1/21/22 (84d),1/19/24 (2.2y),"$2,456","$2,456",$682.51,Above $112.22 (-2.2%),--% 
ABBV,2/18/22 (112d),1/19/24 (2.2y),"$2,370","$2,370",$757.13,Above $111.35 (-2.9%),--% 
ABBV,2/18/22 (112d),1/19/24 (2.2y),"$2,370","$2,370",$757.13,Above $111.35 (-2.9%),--% 
ABBV,2/18/22 (112d),1/19/24 (2.2y),"$2,370","$2,370",$757.13,Above $111.35 (-2.9%),--% 
ABBV,2/18/22 (112d),1/19/24 (2.2y),"$2,370","$2,370",$757.13,Above $111.35 (-2.9%),--% 
ABBV,2/18/22 (112d),1/19/24 (2.2y),"$2,370","$2,370",$757.13,Above $111.35 (-2.9%),--% 
ABBV,2/18/22 (112d),1/19/24 (2.2y),"$2,370","$2,370",$757.13,Above $111.35 (-2.9%),--% 
ABBV,2/18/22 (112d),1/19/24 (2.2y),"$2,370","$2,370",$757.13,Above $111.35 (-2.9%),--% 
ABBV,2/18/22 (112d),5/20/22 (203d),"$2,205","$2,205",$797.69,Above $111.90 (-2.4%),--% 
ABBV,2/18/22 (112d),6/17/22 (231d),"$2,210","$2,210",$795.59,Above $111.86 (-2.5%),--% 
ABBV,2/18/22 (112d),1/20/23 (1.2y),"$2,267","$2,267",$777.65,Above $111.63 (-2.7%),--% 
ABBV,2/18/22 (112d),1/19/24 (2.2y),"$2,370","$2,370",$757.13,Above $111.35 (-2.9%),--% 
ABBV,2/18/22 (112d),1/19/24 (2.2y),"$2,370","$2,370",$757.13,Above $111.35 (-2.9%),--% 
ABBV,5/20/22 (203d),1/19/24 (2.2y),"$2,228","$2,228",$870.29,Above $110.17 (-4%),--% 
ABBV,5/20/22 (203d),1/19/24 (2.2y),"$2,228","$2,228",$870.29,Above $110.17 (-4%),--% 
ABBV,5/20/22 (203d),1/19/24 (2.2y),"$2,228","$2,228",$870.29,Above $110.17 (-4%),--% 
ABBV,5/20/22 (203d),1/19/24 (2.2y),"$2,228","$2,228",$870.29,Above $110.17 (-4%),--% 
ABBV,5/20/22 (203d),1/19/24 (2.2y),"$2,228","$2,228",$870.29,Above $110.17 (-4%),--% 
ABBV,5/20/22 (203d),1/19/24 (2.2y),"$2,228","$2,228",$870.29,Above $110.17 (-4%),--% 
ABBV,5/20/22 (203d),1/19/24 (2.2y),"$2,228","$2,228",$870.29,Above $110.17 (-4%),--% 
ABBV,5/20/22 (203d),1/19/24 (2.2y),"$2,228","$2,228",$870.29,Above $110.17 (-4%),--% 
ABBV,5/20/22 (203d),6/17/22 (231d),"$2,068","$2,068",$932,Above $110.68 (-3.5%),--% 
ABBV,5/20/22 (203d),1/20/23 (1.2y),"$2,125","$2,125",$894.55,Above $110.59 (-3.6%),--% 
ABBV,5/20/22 (203d),1/19/24 (2.2y),"$2,228","$2,228",$870.29,Above $110.17 (-4%),--% 
ABBV,5/20/22 (203d),1/19/24 (2.2y),"$2,228","$2,228",$870.29,Above $110.17 (-4%),--% 
ABBV,6/17/22 (231d),1/19/24 (2.2y),"$2,173","$2,173",$916.70,Above $109.67 (-4.4%),--% 
ABBV,6/17/22 (231d),1/19/24 (2.2y),"$2,173","$2,173",$916.70,Above $109.67 (-4.4%),--% 
ABBV,6/17/22 (231d),1/19/24 (2.2y),"$2,173","$2,173",$916.70,Above $109.67 (-4.4%),--% 
ABBV,6/17/22 (231d),1/19/24 (2.2y),"$2,173","$2,173",$916.70,Above $109.67 (-4.4%),--% 
ABBV,6/17/22 (231d),1/19/24 (2.2y),"$2,173","$2,173",$916.70,Above $109.67 (-4.4%),--% 
ABBV,6/17/22 (231d),1/19/24 (2.2y),"$2,173","$2,173",$916.70,Above $109.67 (-4.4%),--% 
ABBV,6/17/22 (231d),1/19/24 (2.2y),"$2,173","$2,173",$916.70,Above $109.67 (-4.4%),--% 
ABBV,6/17/22 (231d),1/19/24 (2.2y),"$2,173","$2,173",$916.70,Above $109.67 (-4.4%),--% 
ABBV,6/17/22 (231d),1/19/24 (2.2y),"$2,173","$2,173",$916.70,Above $109.67 (-4.4%),--% 
ABBV,6/17/22 (231d),1/20/23 (1.2y),"$2,070","$2,070",$943.57,Above $110.15 (-4%),--% 
ABBV,6/17/22 (231d),1/19/24 (2.2y),"$2,173","$2,173",$916.70,Above $109.67 (-4.4%),--% 
ABBV,6/17/22 (231d),1/19/24 (2.2y),"$2,173","$2,173",$916.70,Above $109.67 (-4.4%),--% 
ABBV,1/20/23 (1.2y),1/19/24 (2.2y),"$1,903","$1,903","$1,128.15",Above $107.79 (-6%),--% 
ABBV,1/20/23 (1.2y),1/19/24 (2.2y),"$1,903","$1,903","$1,128.15",Above $107.79 (-6%),--% 
ABBV,1/20/23 (1.2y),1/19/24 (2.2y),"$1,903","$1,903","$1,128.15",Above $107.79 (-6%),--% 
ABBV,1/20/23 (1.2y),1/19/24 (2.2y),"$1,903","$1,903","$1,128.15",Above $107.79 (-6%),--% 
ABBV,1/20/23 (1.2y),1/19/24 (2.2y),"$1,903","$1,903","$1,128.15",Above $107.79 (-6%),--% 
ABBV,1/20/23 (1.2y),1/19/24 (2.2y),"$1,903","$1,903","$1,128.15",Above $107.79 (-6%),--% 
ABBV,1/20/23 (1.2y),1/19/24 (2.2y),"$1,903","$1,903","$1,128.15",Above $107.79 (-6%),--% 
ABBV,1/20/23 (1.2y),1/19/24 (2.2y),"$1,903","$1,903","$1,128.15",Above $107.79 (-6%),--% 
ABBV,1/20/23 (1.2y),1/19/24 (2.2y),"$1,903","$1,903","$1,128.15",Above $107.79 (-6%),--% 
ABBV,1/20/23 (1.2y),1/19/24 (2.2y),"$1,903","$1,903","$1,128.15",Above $107.79 (-6%),--% 
ABBV,1/20/23 (1.2y),1/19/24 (2.2y),"$1,903","$1,903","$1,128.15",Above $107.79 (-6%),--% 
ABBV,1/20/23 (1.2y),1/19/24 (2.2y),"$1,903","$1,903","$1,128.15",Above $107.79 (-6%),--% 
ABBV,1/20/23 (1.2y),1/19/24 (2.2y),"$1,903","$1,903","$1,128.15",Above $107.79 (-6%),--% 
ABBV,1/20/23 (1.2y),1/19/24 (2.2y),"$1,903","$1,903","$1,128.15",Above $107.79 (-6%),--% 
ABBV,1/20/23 (1.2y),1/19/24 (2.2y),"$1,903","$1,903","$1,128.15",Above $107.79 (-6%),--% 
ABBV,1/20/23 (1.2y),1/19/24 (2.2y),"$1,903","$1,903","$1,128.15",Above $107.79 (-6%),--% 
ABBV,1/20/23 (1.2y),1/19/24 (2.2y),"$1,903","$1,903","$1,128.15",Above $107.79 (-6%),--% 
ABBV,1/20/23 (1.2y),1/19/24 (2.2y),"$1,903","$1,903","$1,128.15",Above $107.79 (-6%),--% 
ABBV,1/20/23 (1.2y),1/19/24 (2.2y),"$1,903","$1,903","$1,128.15",Above $107.79 (-6%),--% 
ABBV,1/20/23 (1.2y),1/19/24 (2.2y),"$1,903","$1,903","$1,128.15",Above $107.79 (-6%),--% 
ABBV,1/20/23 (1.2y),1/19/24 (2.2y),"$1,903","$1,903","$1,128.15",Above $107.79 (-6%),--% 
ABBV,1/20/23 (1.2y),1/19/24 (2.2y),"$1,903","$1,903","$1,128.15",Above $107.79 (-6%),--% 
ABBV,1/20/23 (1.2y),1/19/24 (2.2y),"$1,903","$1,903","$1,128.15",Above $107.79 (-6%),--% 
ABBV,1/20/23 (1.2y),1/19/24 (2.2y),"$1,903","$1,903","$1,128.15",Above $107.79 (-6%),--% 
ABBV,1/20/23 (1.2y),1/19/24 (2.2y),"$1,903","$1,903","$1,128.15",Above $107.79 (-6%),--% 
ABBV,1/20/23 (1.2y),1/19/24 (2.2y),"$1,903","$1,903","$1,128.15",Above $107.79 (-6%),--% 
ABBV,1/20/23 (1.2y),1/19/24 (2.2y),"$1,903","$1,903","$1,128.15",Above $107.79 (-6%),--% 
ABBV,1/20/23 (1.2y),1/19/24 (2.2y),"$1,903","$1,903","$1,128.15",Above $107.79 (-6%),--% 
ABBV,1/20/23 (1.2y),1/19/24 (2.2y),"$1,903","$1,903","$1,128.15",Above $107.79 (-6%),--% 
ABBV,1/20/23 (1.2y),1/19/24 (2.2y),"$1,903","$1,903","$1,128.15",Above $107.79 (-6%),--% 
ABBV,1/20/23 (1.2y),1/19/24 (2.2y),"$1,903","$1,903","$1,128.15",Above $107.79 (-6%),--% 
ABBV,1/20/23 (1.2y),1/19/24 (2.2y),"$1,903","$1,903","$1,128.15",Above $107.79 (-6%),--% 
ABBV,1/20/23 (1.2y),1/19/24 (2.2y),"$1,903","$1,903","$1,128.15",Above $107.79 (-6%),--% 
ABBV,1/20/23 (1.2y),1/19/24 (2.2y),"$1,903","$1,903","$1,128.15",Above $107.79 (-6%),--% 
ABBV,1/20/23 (1.2y),1/19/24 (2.2y),"$1,903","$1,903","$1,128.15",Above $107.79 (-6%),--% 
ABBV,1/20/23 (1.2y),1/19/24 (2.2y),"$1,903","$1,903","$1,128.15",Above $107.79 (-6%),--% 
ABBV,1/20/23 (1.2y),1/19/24 (2.2y),"$1,903","$1,903","$1,128.15",Above $107.79 (-6%),--% 
ABBV,1/20/23 (1.2y),1/19/24 (2.2y),"$1,903","$1,903","$1,128.15",Above $107.79 (-6%),--% 
ABBV,1/20/23 (1.2y),1/19/24 (2.2y),"$1,903","$1,903","$1,128.15",Above $107.79 (-6%),--% 
ABBV,1/20/23 (1.2y),1/19/24 (2.2y),"$1,903","$1,903","$1,128.15",Above $107.79 (-6%),--% 
ABBV,1/20/23 (1.2y),1/19/24 (2.2y),"$1,903","$1,903","$1,128.15",Above $107.79 (-6%),--% 
ABBV,1/20/23 (1.2y),1/19/24 (2.2y),"$1,903","$1,903","$1,128.15",Above $107.79 (-6%),--% 
ABBV,1/20/23 (1.2y),1/19/24 (2.2y),"$1,903","$1,903","$1,128.15",Above $107.79 (-6%),--% 
ABBV,1/20/23 (1.2y),1/19/24 (2.2y),"$1,903","$1,903","$1,128.15",Above $107.79 (-6%),--% 
ABBV,1/20/23 (1.2y),1/19/24 (2.2y),"$1,903","$1,903","$1,128.15",Above $107.79 (-6%),--% 
ABBV,1/20/23 (1.2y),1/19/24 (2.2y),"$1,903","$1,903","$1,128.15",Above $107.79 (-6%),--% 
ABBV,1/20/23 (1.2y),1/19/24 (2.2y),"$1,903","$1,903","$1,128.15",Above $107.79 (-6%),--% 
ABBV,1/20/23 (1.2y),1/19/24 (2.2y),"$1,903","$1,903","$1,128.15",Above $107.79 (-6%),--% 
ABBV,1/20/23 (1.2y),1/19/24 (2.2y),"$1,903","$1,903","$1,128.15",Above $107.79 (-6%),--% 
ABBV,1/20/23 (1.2y),1/19/24 (2.2y),"$1,903","$1,903","$1,128.15",Above $107.79 (-6%),--% 
ABBV,1/20/23 (1.2y),1/19/24 (2.2y),"$1,903","$1,903","$1,128.15",Above $107.79 (-6%),--% 
ABBV,1/20/23 (1.2y),1/19/24 (2.2y),"$1,903","$1,903","$1,128.15",Above $107.79 (-6%),--% 
ABBV,1/20/23 (1.2y),1/19/24 (2.2y),"$1,903","$1,903","$1,128.15",Above $107.79 (-6%),--% 
ABBV,1/20/23 (1.2y),1/19/24 (2.2y),"$1,903","$1,903","$1,128.15",Above $107.79 (-6%),--% 
ABBV,1/20/23 (1.2y),1/19/24 (2.2y),"$1,903","$1,903","$1,128.15",Above $107.79 (-6%),--% 
ABBV,1/20/23 (1.2y),1/19/24 (2.2y),"$1,903","$1,903","$1,128.15",Above $107.79 (-6%),--% 
ABBV,1/20/23 (1.2y),1/19/24 (2.2y),"$1,903","$1,903","$1,128.15",Above $107.79 (-6%),--% 
ABBV,1/20/23 (1.2y),1/19/24 (2.2y),"$1,903","$1,903","$1,128.15",Above $107.79 (-6%),--% 
ABBV,1/20/23 (1.2y),1/19/24 (2.2y),"$1,903","$1,903","$1,128.15",Above $107.79 (-6%),--% 
ABBV,1/20/23 (1.2y),1/19/24 (2.2y),"$1,903","$1,903","$1,128.15",Above $107.79 (-6%),--% 
ABBV,1/20/23 (1.2y),1/19/24 (2.2y),"$1,903","$1,903","$1,128.15",Above $107.79 (-6%),--% 
ABBV,1/20/23 (1.2y),1/19/24 (2.2y),"$1,903","$1,903","$1,128.15",Above $107.79 (-6%),--% 
ABBV,1/20/23 (1.2y),1/19/24 (2.2y),"$1,903","$1,903","$1,128.15",Above $107.79 (-6%),--% 
ABBV,1/20/23 (1.2y),1/19/24 (2.2y),"$1,903","$1,903","$1,128.15",Above $107.79 (-6%),--% 
ABBV,1/20/23 (1.2y),1/19/24 (2.2y),"$1,903","$1,903","$1,128.15",Above $107.79 (-6%),--% 
ABBV,1/20/23 (1.2y),1/19/24 (2.2y),"$1,903","$1,903","$1,128.15",Above $107.79 (-6%),--% 
ABBV,1/20/23 (1.2y),1/19/24 (2.2y),"$1,903","$1,903","$1,128.15",Above $107.79 (-6%),--% 
ABBV,1/20/23 (1.2y),1/19/24 (2.2y),"$1,903","$1,903","$1,128.15",Above $107.79 (-6%),--% 
ABBV,1/20/23 (1.2y),1/19/24 (2.2y),"$1,903","$1,903","$1,128.15",Above $107.79 (-6%),--% 
ABBV,1/20/23 (1.2y),1/19/24 (2.2y),"$1,903","$1,903","$1,128.15",Above $107.79 (-6%),--% 
ABBV,1/20/23 (1.2y),1/19/24 (2.2y),"$1,903","$1,903","$1,128.15",Above $107.79 (-6%),--% 
ABBV,1/20/23 (1.2y),1/19/24 (2.2y),"$1,903","$1,903","$1,128.15",Above $107.79 (-6%),--% 
